Total_Crimes_Group,PredictedProb,LL,UL,Grouping_Var,Grouping
2,0.091531776,0.039556217,0.197674401,Became Disabled,Disability_Status
7,0.114094063,0.051181257,0.235172556,Became Disabled,Disability_Status
12,0.056624086,0.023682166,0.129292399,Became Disabled,Disability_Status
17,0.06712791,0.027889824,0.152779068,Became Disabled,Disability_Status
22,0.090245423,0.039481064,0.19197534,Became Disabled,Disability_Status
27,0.0455809,0.01878194,0.106468796,Became Disabled,Disability_Status
32,0.094167601,0.04022983,0.202869401,Became Disabled,Disability_Status
37,0.090225783,0.039140378,0.194229112,Became Disabled,Disability_Status
42,0.088467432,0.038489151,0.189703457,Became Disabled,Disability_Status
47,0.09364994,0.039842933,0.2023494,Became Disabled,Disability_Status
52,0.152351696,0.068315342,0.305752131,Became Disabled,Disability_Status
57,0.084071111,0.035404128,0.186837433,Became Disabled,Disability_Status
62,0.122264891,0.054005521,0.253937597,Became Disabled,Disability_Status
67,0.084275833,0.035716047,0.186114993,Became Disabled,Disability_Status
72,0.097821764,0.042622095,0.208855928,Became Disabled,Disability_Status
77,0.156883065,0.065723575,0.331069603,Became Disabled,Disability_Status
82,0.077850563,0.032319526,0.175867286,Became Disabled,Disability_Status
87,0.048379694,0.018911735,0.11823076,Became Disabled,Disability_Status
92,0.0839358,0.035452203,0.184922907,Became Disabled,Disability_Status
97,0.204971517,0.092907587,0.393559394,Became Disabled,Disability_Status
102,0.041921717,0.016921035,0.100099542,Became Disabled,Disability_Status
107,0.10982885,0.049592017,0.223412563,Became Disabled,Disability_Status
112,0.08400905,0.036106674,0.183372865,Became Disabled,Disability_Status
122,0.073214079,0.031185096,0.162392082,Became Disabled,Disability_Status
127,0.086533074,0.037007195,0.185095488,Became Disabled,Disability_Status
142,0.08274591,0.034351635,0.186174143,Became Disabled,Disability_Status
207,0.246952275,0.100515226,0.490412649,Became Disabled,Disability_Status
2,0.113210572,0.079829316,0.158461615,Disabled,Disability_Status
7,0.111365992,0.080031842,0.153245206,Disabled,Disability_Status
12,0.099482127,0.071558923,0.137592509,Disabled,Disability_Status
17,0.095859367,0.0711051,0.128277878,Disabled,Disability_Status
22,0.093868705,0.068619089,0.127816108,Disabled,Disability_Status
27,0.09214338,0.065340952,0.128972872,Disabled,Disability_Status
32,0.090120304,0.064169854,0.126095748,Disabled,Disability_Status
37,0.086356121,0.062143469,0.119542514,Disabled,Disability_Status
42,0.081617408,0.058906489,0.112573612,Disabled,Disability_Status
47,0.07817653,0.054614067,0.111770945,Disabled,Disability_Status
52,0.09008475,0.060769589,0.129862293,Disabled,Disability_Status
57,0.083501071,0.057557737,0.12062735,Disabled,Disability_Status
62,0.079633751,0.056522644,0.111195298,Disabled,Disability_Status
67,0.073106982,0.051461437,0.103361146,Disabled,Disability_Status
72,0.073825777,0.049884749,0.108971996,Disabled,Disability_Status
77,0.0708755,0.050422352,0.099010996,Disabled,Disability_Status
82,0.077814852,0.05563547,0.108770962,Disabled,Disability_Status
87,0.066743813,0.045595203,0.09797774,Disabled,Disability_Status
92,0.079176677,0.055791988,0.111603851,Disabled,Disability_Status
97,0.063953653,0.044781021,0.091303286,Disabled,Disability_Status
102,0.080318326,0.056724705,0.112508853,Disabled,Disability_Status
107,0.053444729,0.034859118,0.081785294,Disabled,Disability_Status
112,0.058310094,0.039385701,0.085432181,Disabled,Disability_Status
117,0.081920061,0.058503774,0.113224964,Disabled,Disability_Status
122,0.054230306,0.0363244,0.080229265,Disabled,Disability_Status
127,0.069451349,0.048913856,0.097827503,Disabled,Disability_Status
132,0.04759063,0.032341003,0.069642522,Disabled,Disability_Status
137,0.085240092,0.056718715,0.126964619,Disabled,Disability_Status
142,0.045069238,0.028773834,0.070549671,Disabled,Disability_Status
157,0.103348663,0.060286191,0.170793766,Disabled,Disability_Status
162,0.18180447,0.116613126,0.268007073,Disabled,Disability_Status
167,0.020659985,0.012125162,0.03498963,Disabled,Disability_Status
172,0.110015942,0.069961985,0.167775191,Disabled,Disability_Status
202,0.036341677,0.023475197,0.055856754,Disabled,Disability_Status
212,0.014136998,0.007187074,0.02762055,Disabled,Disability_Status
222,0.010617828,0.005192697,0.021583581,Disabled,Disability_Status
237,0.020045278,0.010861855,0.036852865,Disabled,Disability_Status
242,0.007102022,0.003104539,0.01616331,Disabled,Disability_Status
247,0.008489141,0.003727665,0.019215312,Disabled,Disability_Status
257,0.025328585,0.014615805,0.043546389,Disabled,Disability_Status
292,0.013020655,0.00579063,0.029014448,Disabled,Disability_Status
302,0.027741526,0.014797705,0.05141665,Disabled,Disability_Status
337,0.010493376,0.004651271,0.023500056,Disabled,Disability_Status
2,0.137434793,0.079924853,0.226047365,Lost Disabilty Benifits,Disability_Status
7,0.109519561,0.065085845,0.177934391,Lost Disabilty Benifits,Disability_Status
12,0.131729573,0.077716421,0.214036559,Lost Disabilty Benifits,Disability_Status
17,0.154429272,0.09244158,0.246653972,Lost Disabilty Benifits,Disability_Status
22,0.112987401,0.066571907,0.184691121,Lost Disabilty Benifits,Disability_Status
27,0.078147784,0.045221428,0.131753781,Lost Disabilty Benifits,Disability_Status
32,0.108526946,0.06042645,0.188006708,Lost Disabilty Benifits,Disability_Status
37,0.101794055,0.053742476,0.18324729,Lost Disabilty Benifits,Disability_Status
42,0.129813233,0.07656562,0.211350312,Lost Disabilty Benifits,Disability_Status
47,0.124958143,0.073695797,0.203776332,Lost Disabilty Benifits,Disability_Status
52,0.110522652,0.06491848,0.182050558,Lost Disabilty Benifits,Disability_Status
57,0.101745776,0.056846347,0.175011141,Lost Disabilty Benifits,Disability_Status
62,0.107014166,0.063534761,0.174550769,Lost Disabilty Benifits,Disability_Status
67,0.080314902,0.046214297,0.136111308,Lost Disabilty Benifits,Disability_Status
72,0.103707331,0.061518413,0.169345971,Lost Disabilty Benifits,Disability_Status
82,0.147536301,0.085915024,0.242894446,Lost Disabilty Benifits,Disability_Status
87,0.145359851,0.086267089,0.233982018,Lost Disabilty Benifits,Disability_Status
92,0.087889297,0.052288971,0.144043712,Lost Disabilty Benifits,Disability_Status
97,0.117471067,0.065558093,0.201239809,Lost Disabilty Benifits,Disability_Status
102,0.081761527,0.04902947,0.133282849,Lost Disabilty Benifits,Disability_Status
107,0.114305169,0.067867786,0.186170472,Lost Disabilty Benifits,Disability_Status
112,0.142509782,0.083207733,0.232960223,Lost Disabilty Benifits,Disability_Status
117,0.139009556,0.080336231,0.229825987,Lost Disabilty Benifits,Disability_Status
122,0.095768801,0.05635461,0.157625878,Lost Disabilty Benifits,Disability_Status
127,0.076924098,0.041541111,0.138497196,Lost Disabilty Benifits,Disability_Status
132,0.115166927,0.066596914,0.191877906,Lost Disabilty Benifits,Disability_Status
137,0.102744448,0.058872828,0.173289182,Lost Disabilty Benifits,Disability_Status
142,0.127709831,0.07200094,0.212784251,Lost Disabilty Benifits,Disability_Status
172,0.178388231,0.089529163,0.32405159,Lost Disabilty Benifits,Disability_Status
177,0.027887858,0.014170864,0.054153149,Lost Disabilty Benifits,Disability_Status
187,0.092661747,0.050900331,0.162808966,Lost Disabilty Benifits,Disability_Status
197,0.047793665,0.025149453,0.088965727,Lost Disabilty Benifits,Disability_Status
222,0.062102783,0.031953245,0.117254259,Lost Disabilty Benifits,Disability_Status
227,0.064606324,0.032638404,0.123875886,Lost Disabilty Benifits,Disability_Status
292,0.025353695,0.011573694,0.054633733,Lost Disabilty Benifits,Disability_Status
2,0.144395538,0.106671084,0.194553592,No,Disability_Status
7,0.142356213,0.108618153,0.18643229,No,Disability_Status
12,0.136300012,0.105983357,0.175099145,No,Disability_Status
17,0.131405375,0.100703806,0.171898379,No,Disability_Status
22,0.131932511,0.100765854,0.173087207,No,Disability_Status
27,0.127204283,0.096953108,0.166206126,No,Disability_Status
32,0.126223978,0.096313246,0.164891143,No,Disability_Status
37,0.120624368,0.09173645,0.158314358,No,Disability_Status
42,0.114118429,0.087145415,0.149051349,No,Disability_Status
47,0.117053706,0.088651112,0.154257176,No,Disability_Status
52,0.114572976,0.086603701,0.150740078,No,Disability_Status
57,0.11539923,0.087591616,0.151666479,No,Disability_Status
62,0.10402427,0.077252546,0.139607612,No,Disability_Status
67,0.102421935,0.075990557,0.137674819,No,Disability_Status
72,0.104026383,0.078018607,0.137991114,No,Disability_Status
77,0.111549551,0.083845024,0.147828712,No,Disability_Status
82,0.106090921,0.07719086,0.144907485,No,Disability_Status
87,0.090995088,0.066723543,0.123923778,No,Disability_Status
92,0.094562312,0.069185684,0.128968865,No,Disability_Status
97,0.092685787,0.067396388,0.12688266,No,Disability_Status
102,0.104717686,0.077507464,0.140529713,No,Disability_Status
107,0.105600839,0.078615491,0.140771647,No,Disability_Status
112,0.086316154,0.060913337,0.121494986,No,Disability_Status
117,0.093487202,0.064120409,0.135234346,No,Disability_Status
122,0.094801198,0.067992173,0.130777225,No,Disability_Status
127,0.076120434,0.050883635,0.111925705,No,Disability_Status
132,0.074296372,0.051973347,0.105187532,No,Disability_Status
137,0.091167364,0.063671685,0.128668456,No,Disability_Status
142,0.081294197,0.055785315,0.117001115,No,Disability_Status
147,0.138986454,0.096052609,0.196732579,No,Disability_Status
152,0.089748164,0.061285812,0.128160392,No,Disability_Status
157,0.129940281,0.080442788,0.200267042,No,Disability_Status
162,0.044576133,0.028418105,0.069593568,No,Disability_Status
167,0.047337668,0.029482247,0.076762983,No,Disability_Status
172,0.095310666,0.059577487,0.148704848,No,Disability_Status
177,0.027009342,0.01501218,0.048480268,No,Disability_Status
182,0.085353346,0.055041364,0.130224287,No,Disability_Status
187,0.161799994,0.092650874,0.255812498,No,Disability_Status
192,0.118760453,0.065171629,0.207089422,No,Disability_Status
197,0.118176277,0.078416236,0.17280641,No,Disability_Status
202,0.143068824,0.045042193,0.327908181,No,Disability_Status
207,0.013648416,0.006843637,0.027035151,No,Disability_Status
212,0.085111652,0.051326667,0.13766676,No,Disability_Status
222,0.051733555,0.030593712,0.086673145,No,Disability_Status
227,0.028785623,0.015234058,0.054210945,No,Disability_Status
232,0.086176296,0.050341731,0.142444462,No,Disability_Status
247,0.0836815,0.046752918,0.145049932,No,Disability_Status
252,0.117405855,0.063915103,0.205820205,No,Disability_Status
257,0.009078762,0.003726678,0.022126027,No,Disability_Status
267,0.054438023,0.029339734,0.098066265,No,Disability_Status
287,0.07237375,0.037663068,0.134595347,No,Disability_Status
302,0.035271378,0.018897095,0.064895445,No,Disability_Status
332,0.002924231,0.000751824,0.011302836,No,Disability_Status
337,0.026295148,0.013648284,0.050258529,No,Disability_Status
347,0.302657865,0.114713543,0.592455801,No,Disability_Status
357,0.181360697,0.083774033,0.349287735,No,Disability_Status
397,0.087851291,0.033123685,0.213052391,No,Disability_Status
497,0.071958134,0.026974631,0.176715473,No,Disability_Status
NA,0.012704713,0.004291139,0.037001689,No,Disability_Status
2,0.137584251,0.101540352,0.184869209,Female,Gender
7,0.1318984,0.100564933,0.172146764,Female,Gender
12,0.126269722,0.097635634,0.162655883,Female,Gender
17,0.121178637,0.093079093,0.157168739,Female,Gender
22,0.122118889,0.092612688,0.16062111,Female,Gender
27,0.117393811,0.089481497,0.153466727,Female,Gender
32,0.115212947,0.087177734,0.15192228,Female,Gender
37,0.111757759,0.084538736,0.14779523,Female,Gender
42,0.105912958,0.079804368,0.140468761,Female,Gender
47,0.111222857,0.083293458,0.148687289,Female,Gender
52,0.10719068,0.080801407,0.141832373,Female,Gender
57,0.105493512,0.078201582,0.142346311,Female,Gender
62,0.096918874,0.071673779,0.130917696,Female,Gender
67,0.095611456,0.06939546,0.131624835,Female,Gender
72,0.096788489,0.07151378,0.130940059,Female,Gender
77,0.097860505,0.072929048,0.131292735,Female,Gender
82,0.093797861,0.066883105,0.130885126,Female,Gender
87,0.084414734,0.06084968,0.117562285,Female,Gender
92,0.088543222,0.064938964,0.120669911,Female,Gender
97,0.084816764,0.060300252,0.119043063,Female,Gender
102,0.101166698,0.074729946,0.136109191,Female,Gender
107,0.095120144,0.069641305,0.129204884,Female,Gender
112,0.087963581,0.061135121,0.125553116,Female,Gender
117,0.085163405,0.059989314,0.120430934,Female,Gender
122,0.089772012,0.063260295,0.126810879,Female,Gender
127,0.06674911,0.044630503,0.099795774,Female,Gender
132,0.065756414,0.043478289,0.098603967,Female,Gender
137,0.098786743,0.0687417,0.139898738,Female,Gender
142,0.075452312,0.048790368,0.115923054,Female,Gender
147,0.148032608,0.101918467,0.209271112,Female,Gender
152,0.116028188,0.080586886,0.161994835,Female,Gender
157,0.094880354,0.06508616,0.136113474,Female,Gender
162,0.053267285,0.035260333,0.079984781,Female,Gender
167,0.046719252,0.029781299,0.074597126,Female,Gender
172,0.115492966,0.070795856,0.182570794,Female,Gender
177,0.024910813,0.013643797,0.045451277,Female,Gender
187,0.181937153,0.099782525,0.292988024,Female,Gender
192,0.118760453,0.065171629,0.207089422,Female,Gender
197,0.215487268,0.145781379,0.306561771,Female,Gender
202,0.143068824,0.045042193,0.327908181,Female,Gender
207,0.013648416,0.006843637,0.027035151,Female,Gender
212,0.063415816,0.038625603,0.102097711,Female,Gender
222,0.044571938,0.024843888,0.079091886,Female,Gender
227,0.037740798,0.019585145,0.07162718,Female,Gender
232,0.036492502,0.021423571,0.06149457,Female,Gender
237,0.032325582,0.018141374,0.056956673,Female,Gender
247,0.0836815,0.046752918,0.145049932,Female,Gender
252,0.117405855,0.063915103,0.205820205,Female,Gender
257,0.009078762,0.003726678,0.022126027,Female,Gender
267,0.046889585,0.025222611,0.084796051,Female,Gender
287,0.075355919,0.039140336,0.140220423,Female,Gender
292,0.019187175,0.008682162,0.041824091,Female,Gender
302,0.027741526,0.014797705,0.05141665,Female,Gender
332,0.002924231,0.000751824,0.011302836,Female,Gender
337,0.025321665,0.013208961,0.0481372,Female,Gender
347,0.302657865,0.114713543,0.592455801,Female,Gender
357,0.181360697,0.083774033,0.349287735,Female,Gender
397,0.087851291,0.033123685,0.213052391,Female,Gender
2,0.14127719,0.102417933,0.192983042,Male,Gender
7,0.147758615,0.109319814,0.198487887,Male,Gender
12,0.140408393,0.107287912,0.183358879,Male,Gender
17,0.134628924,0.101622077,0.177429585,Male,Gender
22,0.132834291,0.098975632,0.177709175,Male,Gender
27,0.129536841,0.095867775,0.174440941,Male,Gender
32,0.126161268,0.093571099,0.170217882,Male,Gender
37,0.121441247,0.089940129,0.163993972,Male,Gender
42,0.113810168,0.08533795,0.151522089,Male,Gender
47,0.109639361,0.079806207,0.150727934,Male,Gender
52,0.119483217,0.083628574,0.167892031,Male,Gender
57,0.11696211,0.087109951,0.157344469,Male,Gender
62,0.109945981,0.078210985,0.153558493,Male,Gender
67,0.100221975,0.074821424,0.133893703,Male,Gender
72,0.103677868,0.075170376,0.142705109,Male,Gender
77,0.113800974,0.08205298,0.157115641,Male,Gender
82,0.114335843,0.083195045,0.156598844,Male,Gender
87,0.094705394,0.067708616,0.131635155,Male,Gender
92,0.104253031,0.072869936,0.149037459,Male,Gender
97,0.106394427,0.07447447,0.151230395,Male,Gender
102,0.098553065,0.071107575,0.13602859,Male,Gender
107,0.099343093,0.068824088,0.144389686,Male,Gender
112,0.07641928,0.052388864,0.111403194,Male,Gender
117,0.114351531,0.074008488,0.172272586,Male,Gender
122,0.093131704,0.064077943,0.133851562,Male,Gender
127,0.102421373,0.062437084,0.163085284,Male,Gender
132,0.081818963,0.058409759,0.113049017,Male,Gender
137,0.073075421,0.048572354,0.108971366,Male,Gender
142,0.07206429,0.045382653,0.114643774,Male,Gender
147,0.123155684,0.085787358,0.174790147,Male,Gender
152,0.037188116,0.022683666,0.060491508,Male,Gender
157,0.168629484,0.093742287,0.279283593,Male,Gender
162,0.100153573,0.062252273,0.1532135,Male,Gender
167,0.039475801,0.023198132,0.066448294,Male,Gender
172,0.070233366,0.044267434,0.109357505,Male,Gender
177,0.032694921,0.01801248,0.058889186,Male,Gender
182,0.085353346,0.055041364,0.130224287,Male,Gender
187,0.10519198,0.066847941,0.162852111,Male,Gender
197,0.034329475,0.018100273,0.064008388,Male,Gender
202,0.036341677,0.023475197,0.055856754,Male,Gender
207,0.246952275,0.100515226,0.490412649,Male,Gender
212,0.100920343,0.057991328,0.169896743,Male,Gender
222,0.008517797,0.004150512,0.017400167,Male,Gender
232,0.10273756,0.059981117,0.169427759,Male,Gender
237,0.007764974,0.003582336,0.016749057,Male,Gender
242,0.007102022,0.003104539,0.01616331,Male,Gender
247,0.008489141,0.003727665,0.019215312,Male,Gender
257,0.025328585,0.014615805,0.043546389,Male,Gender
267,0.084631774,0.045808224,0.151147119,Male,Gender
287,0.063427241,0.033231265,0.117720117,Male,Gender
302,0.035271378,0.018897095,0.064895445,Male,Gender
337,0.013413825,0.00596924,0.029864043,Male,Gender
497,0.071958134,0.026974631,0.176715473,Male,Gender
NA,0.012704713,0.004291139,0.037001689,Male,Gender
2,0.15212401,0.021202555,0.59769125,Trans,Gender
7,0.140593982,0.017724769,0.597288036,Trans,Gender
12,0.116884244,0.015735186,0.52284688,Trans,Gender
17,0.12274226,0.016436584,0.539470795,Trans,Gender
22,0.096394618,0.012662561,0.469802649,Trans,Gender
2,0.139067738,0.102210974,0.188771905,No,High_School_Grad
7,0.136233577,0.103171148,0.179905155,No,High_School_Grad
12,0.128996992,0.10003984,0.166486568,No,High_School_Grad
17,0.123498227,0.094647889,0.161809735,No,High_School_Grad
22,0.120858207,0.091714594,0.160398875,No,High_School_Grad
27,0.11994407,0.091136339,0.157617944,No,High_School_Grad
32,0.117609101,0.088939004,0.155559699,No,High_School_Grad
37,0.113053805,0.085626732,0.149465164,No,High_School_Grad
42,0.107690511,0.081360015,0.142533447,No,High_School_Grad
47,0.106456687,0.079702357,0.142559382,No,High_School_Grad
52,0.110549455,0.081999237,0.148279004,No,High_School_Grad
57,0.108547731,0.081201033,0.145424717,No,High_School_Grad
62,0.098004001,0.072270875,0.132790258,No,High_School_Grad
67,0.09617521,0.070913378,0.130441233,No,High_School_Grad
72,0.096167255,0.070773741,0.130911626,No,High_School_Grad
77,0.101772003,0.075917856,0.136634721,No,High_School_Grad
82,0.099910992,0.072788533,0.136579061,No,High_School_Grad
87,0.086315988,0.06291011,0.118445132,No,High_School_Grad
92,0.089992597,0.066240899,0.122479001,No,High_School_Grad
97,0.088563114,0.063564377,0.123236814,No,High_School_Grad
102,0.099798144,0.074085715,0.13386041,No,High_School_Grad
107,0.097649543,0.070197867,0.136014562,No,High_School_Grad
112,0.086737633,0.060726749,0.123203127,No,High_School_Grad
117,0.091688783,0.064269783,0.129897475,No,High_School_Grad
122,0.09295186,0.065433446,0.131254198,No,High_School_Grad
127,0.07765634,0.050112627,0.119180346,No,High_School_Grad
132,0.07067399,0.049242541,0.100522182,No,High_School_Grad
137,0.087566391,0.061449748,0.123897824,No,High_School_Grad
142,0.077903068,0.049157662,0.122940326,No,High_School_Grad
147,0.137670773,0.097876688,0.190206422,No,High_School_Grad
152,0.097166859,0.066737375,0.137667178,No,High_School_Grad
157,0.124475032,0.07740361,0.191250397,No,High_School_Grad
162,0.078750967,0.050658925,0.118320031,No,High_School_Grad
167,0.044002958,0.027312611,0.071541314,No,High_School_Grad
172,0.092229834,0.05668002,0.146682705,No,High_School_Grad
177,0.02547308,0.014076334,0.046084866,No,High_School_Grad
182,0.098060285,0.066793826,0.141739722,No,High_School_Grad
187,0.172262463,0.09581492,0.277264921,No,High_School_Grad
192,0.118760453,0.065171629,0.207089422,No,High_School_Grad
197,0.118176277,0.078416236,0.17280641,No,High_School_Grad
202,0.144891203,0.048683643,0.323379316,No,High_School_Grad
207,0.130300346,0.053679432,0.2587239,No,High_School_Grad
212,0.070916721,0.042498748,0.115657518,No,High_School_Grad
222,0.037361109,0.020705212,0.066753542,No,High_School_Grad
227,0.037740798,0.019585145,0.07162718,No,High_School_Grad
232,0.081942598,0.049573117,0.131676176,No,High_School_Grad
237,0.020045278,0.010861855,0.036852865,No,High_School_Grad
242,0.007102022,0.003104539,0.01616331,No,High_School_Grad
247,0.034931444,0.018831485,0.063860544,No,High_School_Grad
257,0.013141218,0.00644896,0.027481118,No,High_School_Grad
267,0.032956346,0.017344602,0.061179167,No,High_School_Grad
292,0.025353695,0.011573694,0.054633733,No,High_School_Grad
302,0.031506452,0.0168474,0.058156048,No,High_School_Grad
332,0.002924231,0.000751824,0.011302836,No,High_School_Grad
337,0.022344705,0.011399031,0.043568911,No,High_School_Grad
347,0.302657865,0.114713543,0.592455801,No,High_School_Grad
357,0.181360697,0.083774033,0.349287735,No,High_School_Grad
497,0.054949176,0.020096077,0.141514996,No,High_School_Grad
NA,0.012704713,0.004291139,0.037001689,No,High_School_Grad
2,0.139249251,0.098798818,0.192868983,Yes,High_School_Grad
7,0.138141642,0.100523986,0.187609502,Yes,High_School_Grad
12,0.14024963,0.10296325,0.189410271,Yes,High_School_Grad
17,0.139404888,0.101323106,0.189855503,Yes,High_School_Grad
22,0.151462212,0.108950327,0.207183134,Yes,High_School_Grad
27,0.129331634,0.094062195,0.175460143,Yes,High_School_Grad
32,0.126336888,0.091794836,0.172414818,Yes,High_School_Grad
37,0.124498367,0.089811334,0.171610443,Yes,High_School_Grad
42,0.112507709,0.082987893,0.151660995,Yes,High_School_Grad
47,0.132725062,0.09496985,0.184372745,Yes,High_School_Grad
52,0.111029887,0.078939721,0.15431944,Yes,High_School_Grad
57,0.111904789,0.080010874,0.155361422,Yes,High_School_Grad
62,0.114942402,0.080413406,0.162319661,Yes,High_School_Grad
67,0.100944206,0.071482483,0.141411726,Yes,High_School_Grad
72,0.112440456,0.081690398,0.152965649,Yes,High_School_Grad
77,0.103487399,0.071780393,0.146201999,Yes,High_School_Grad
82,0.10637537,0.073564514,0.152805493,Yes,High_School_Grad
87,0.095557993,0.063965994,0.142133674,Yes,High_School_Grad
92,0.105630419,0.070454954,0.155932335,Yes,High_School_Grad
97,0.097460877,0.064634835,0.144800107,Yes,High_School_Grad
102,0.103309405,0.071658078,0.14681876,Yes,High_School_Grad
107,0.089838143,0.064237754,0.12425138,Yes,High_School_Grad
112,0.068794306,0.044057111,0.106216869,Yes,High_School_Grad
117,0.094084887,0.056441264,0.15078593,Yes,High_School_Grad
122,0.080502234,0.054707586,0.117376968,Yes,High_School_Grad
127,0.07143191,0.046846002,0.107996616,Yes,High_School_Grad
132,0.076407332,0.04622145,0.123207301,Yes,High_School_Grad
137,0.115155712,0.06899993,0.18045757,Yes,High_School_Grad
142,0.061384171,0.042332051,0.088274135,Yes,High_School_Grad
147,0.142494936,0.091188399,0.214135664,Yes,High_School_Grad
152,0.05265469,0.034028001,0.080626463,Yes,High_School_Grad
157,0.131042224,0.073001729,0.223681966,Yes,High_School_Grad
162,0.045105134,0.027649845,0.073101219,Yes,High_School_Grad
172,0.1572204,0.0982965,0.239031011,Yes,High_School_Grad
177,0.037105431,0.019785942,0.068525564,Yes,High_School_Grad
182,0.078999877,0.049165133,0.124466569,Yes,High_School_Grad
187,0.095843464,0.062283465,0.144953465,Yes,High_School_Grad
197,0.047793665,0.025149453,0.088965727,Yes,High_School_Grad
202,0.03269692,0.016192298,0.064914485,Yes,High_School_Grad
232,0.090409994,0.051110345,0.153212748,Yes,High_School_Grad
247,0.105989253,0.05957053,0.181594089,Yes,High_School_Grad
252,0.117405855,0.063915103,0.205820205,Yes,High_School_Grad
267,0.086660539,0.047332432,0.153396911,Yes,High_School_Grad
287,0.07237375,0.037663068,0.134595347,Yes,High_School_Grad
292,0.013020655,0.00579063,0.029014448,Yes,High_School_Grad
397,0.087851291,0.033123685,0.213052391,Yes,High_School_Grad
497,0.122985009,0.047610292,0.282316905,Yes,High_School_Grad
2,0.139099319,0.101617305,0.189484741,None,None
7,0.136465639,0.102849196,0.18084217,None,None
12,0.130655275,0.100470659,0.169864798,None,None
17,0.125521442,0.09549693,0.16537696,None,None
22,0.125079449,0.094091937,0.166851876,None,None
27,0.121407827,0.091592553,0.160399991,None,None
32,0.119019112,0.089400376,0.158282715,None,None
37,0.114953693,0.086321409,0.153141455,None,None
42,0.108545361,0.081648895,0.144153203,None,None
47,0.110716424,0.082178166,0.149339928,None,None
52,0.110613918,0.08158872,0.149089493,None,None
57,0.109102012,0.081004527,0.147065357,None,None
62,0.100494942,0.073468306,0.137132817,None,None
67,0.096983181,0.071009797,0.13229987,None,None
72,0.099096431,0.072738739,0.13488135,None,None
77,0.102023303,0.075311731,0.138036297,None,None
82,0.101468674,0.072975516,0.140489045,None,None
87,0.087752245,0.0630742,0.122126459,None,None
92,0.092415358,0.066893781,0.127661912,None,None
97,0.090059934,0.063744454,0.126864284,None,None
102,0.100401088,0.073668848,0.136085581,None,None
107,0.096555947,0.069363451,0.134367717,None,None
112,0.08370107,0.057905733,0.120328529,None,None
117,0.091994669,0.063270398,0.132564087,None,None
122,0.090688292,0.06348329,0.128731066,None,None
127,0.076191768,0.04934401,0.11654888,None,None
132,0.071493038,0.048810957,0.103762913,None,None
137,0.09052239,0.062258696,0.129957797,None,None
142,0.074363305,0.047695031,0.115511857,None,None
147,0.138986454,0.096052609,0.196732579,None,None
152,0.089748164,0.061285812,0.128160392,None,None
157,0.125247643,0.076885741,0.195065876,None,None
162,0.0720218,0.046057109,0.109276269,None,None
167,0.044002958,0.027312611,0.071541314,None,None
172,0.101092184,0.062354994,0.159275656,None,None
177,0.027134844,0.014891992,0.04929068,None,None
182,0.085353346,0.055041364,0.130224287,None,None
187,0.153157713,0.087432056,0.244187057,None,None
192,0.118760453,0.065171629,0.207089422,None,None
197,0.094715406,0.060660641,0.144859516,None,None
202,0.107493108,0.037853194,0.237224372,None,None
207,0.130300346,0.053679432,0.2587239,None,None
212,0.070916721,0.042498748,0.115657518,None,None
222,0.037361109,0.020705212,0.066753542,None,None
227,0.037740798,0.019585145,0.07162718,None,None
232,0.086176296,0.050341731,0.142444462,None,None
237,0.020045278,0.010861855,0.036852865,None,None
242,0.007102022,0.003104539,0.01616331,None,None
247,0.05861738,0.032411167,0.103105059,None,None
252,0.117405855,0.063915103,0.205820205,None,None
257,0.013141218,0.00644896,0.027481118,None,None
267,0.054438023,0.029339734,0.098066265,None,None
287,0.07237375,0.037663068,0.134595347,None,None
292,0.019187175,0.008682162,0.041824091,None,None
302,0.031506452,0.0168474,0.058156048,None,None
332,0.002924231,0.000751824,0.011302836,None,None
337,0.022344705,0.011399031,0.043568911,None,None
347,0.302657865,0.114713543,0.592455801,None,None
357,0.181360697,0.083774033,0.349287735,None,None
397,0.087851291,0.033123685,0.213052391,None,None
497,0.071958134,0.026974631,0.176715473,None,None
NA,0.012704713,0.004291139,0.037001689,None,None
2,0.135713218,0.10065194,0.182490726,No Change,Relationship_Status
7,0.133616516,0.101985699,0.17506046,No Change,Relationship_Status
12,0.130244356,0.100596522,0.168525973,No Change,Relationship_Status
17,0.123826875,0.09494843,0.161973517,No Change,Relationship_Status
22,0.123035633,0.093402656,0.162809732,No Change,Relationship_Status
27,0.119804544,0.091184055,0.156935789,No Change,Relationship_Status
32,0.118717834,0.089367096,0.157552848,No Change,Relationship_Status
37,0.11342819,0.085958531,0.149747159,No Change,Relationship_Status
42,0.108208982,0.08170499,0.14309197,No Change,Relationship_Status
47,0.109432415,0.0823,0.145528804,No Change,Relationship_Status
52,0.109392703,0.0813701,0.146185146,No Change,Relationship_Status
57,0.108388566,0.081098881,0.144888448,No Change,Relationship_Status
62,0.099853067,0.073216698,0.135902513,No Change,Relationship_Status
67,0.096315526,0.070865883,0.13075283,No Change,Relationship_Status
72,0.097879451,0.072474189,0.132022374,No Change,Relationship_Status
77,0.099703494,0.074803968,0.132540143,No Change,Relationship_Status
82,0.099739584,0.072223403,0.137326633,No Change,Relationship_Status
87,0.08772876,0.063433995,0.121222319,No Change,Relationship_Status
92,0.091991966,0.066780551,0.126704383,No Change,Relationship_Status
97,0.089950473,0.063847036,0.126300636,No Change,Relationship_Status
102,0.099969915,0.07364207,0.13491242,No Change,Relationship_Status
107,0.096555947,0.069363451,0.134367717,No Change,Relationship_Status
112,0.08370107,0.057905733,0.120328529,No Change,Relationship_Status
117,0.089398333,0.062206444,0.127564628,No Change,Relationship_Status
122,0.090688292,0.06348329,0.128731066,No Change,Relationship_Status
127,0.071689944,0.047196724,0.10853928,No Change,Relationship_Status
132,0.071493038,0.048810957,0.103762913,No Change,Relationship_Status
137,0.09052239,0.062258696,0.129957797,No Change,Relationship_Status
142,0.074363305,0.047695031,0.115511857,No Change,Relationship_Status
147,0.138986454,0.096052609,0.196732579,No Change,Relationship_Status
152,0.089748164,0.061285812,0.128160392,No Change,Relationship_Status
157,0.125247643,0.076885741,0.195065876,No Change,Relationship_Status
162,0.0720218,0.046057109,0.109276269,No Change,Relationship_Status
167,0.044002958,0.027312611,0.071541314,No Change,Relationship_Status
172,0.101092184,0.062354994,0.159275656,No Change,Relationship_Status
177,0.027134844,0.014891992,0.04929068,No Change,Relationship_Status
182,0.085353346,0.055041364,0.130224287,No Change,Relationship_Status
187,0.153157713,0.087432056,0.244187057,No Change,Relationship_Status
192,0.118760453,0.065171629,0.207089422,No Change,Relationship_Status
197,0.094715406,0.060660641,0.144859516,No Change,Relationship_Status
202,0.107493108,0.037853194,0.237224372,No Change,Relationship_Status
207,0.130300346,0.053679432,0.2587239,No Change,Relationship_Status
212,0.070916721,0.042498748,0.115657518,No Change,Relationship_Status
222,0.037361109,0.020705212,0.066753542,No Change,Relationship_Status
227,0.037740798,0.019585145,0.07162718,No Change,Relationship_Status
232,0.086176296,0.050341731,0.142444462,No Change,Relationship_Status
237,0.020045278,0.010861855,0.036852865,No Change,Relationship_Status
242,0.007102022,0.003104539,0.01616331,No Change,Relationship_Status
247,0.05861738,0.032411167,0.103105059,No Change,Relationship_Status
252,0.117405855,0.063915103,0.205820205,No Change,Relationship_Status
257,0.013141218,0.00644896,0.027481118,No Change,Relationship_Status
267,0.054438023,0.029339734,0.098066265,No Change,Relationship_Status
287,0.07237375,0.037663068,0.134595347,No Change,Relationship_Status
292,0.019187175,0.008682162,0.041824091,No Change,Relationship_Status
302,0.031506452,0.0168474,0.058156048,No Change,Relationship_Status
332,0.002924231,0.000751824,0.011302836,No Change,Relationship_Status
337,0.022344705,0.011399031,0.043568911,No Change,Relationship_Status
347,0.302657865,0.114713543,0.592455801,No Change,Relationship_Status
357,0.181360697,0.083774033,0.349287735,No Change,Relationship_Status
397,0.087851291,0.033123685,0.213052391,No Change,Relationship_Status
497,0.071958134,0.026974631,0.176715473,No Change,Relationship_Status
NA,0.012704713,0.004291139,0.037001689,No Change,Relationship_Status
2,0.248521807,0.144108362,0.392375782,Got Divorced,Relationship_Status
7,0.268101838,0.158055074,0.416970474,Got Divorced,Relationship_Status
12,0.160360033,0.090228098,0.268892201,Got Divorced,Relationship_Status
17,0.242581208,0.141988281,0.38175452,Got Divorced,Relationship_Status
22,0.288151515,0.171730675,0.441368776,Got Divorced,Relationship_Status
27,0.234678041,0.132621324,0.378138514,Got Divorced,Relationship_Status
32,0.311578879,0.185458553,0.473598942,Got Divorced,Relationship_Status
37,0.216206063,0.123609284,0.35073851,Got Divorced,Relationship_Status
42,0.15706106,0.087636158,0.265480614,Got Divorced,Relationship_Status
47,0.14982528,0.081524995,0.25869688,Got Divorced,Relationship_Status
52,0.192420832,0.105649948,0.32309433,Got Divorced,Relationship_Status
57,0.163056749,0.092031276,0.272461142,Got Divorced,Relationship_Status
62,0.276736483,0.160237265,0.434146778,Got Divorced,Relationship_Status
67,0.176824078,0.09767872,0.296729182,Got Divorced,Relationship_Status
72,0.176635716,0.097264232,0.300339525,Got Divorced,Relationship_Status
77,0.193897244,0.101207635,0.343274363,Got Divorced,Relationship_Status
82,0.243253995,0.134648828,0.399806868,Got Divorced,Relationship_Status
92,0.152113673,0.082859185,0.262673584,Got Divorced,Relationship_Status
117,0.211426135,0.112212259,0.362539163,Got Divorced,Relationship_Status
127,0.224751971,0.120204441,0.380865662,Got Divorced,Relationship_Status
2,0.170429137,0.091724097,0.292733069,Got Married,Relationship_Status
7,0.209966325,0.109815069,0.360997026,Got Married,Relationship_Status
12,0.163258545,0.090713216,0.275641073,Got Married,Relationship_Status
17,0.207118825,0.116747742,0.340498846,Got Married,Relationship_Status
22,0.198532785,0.107542972,0.336122725,Got Married,Relationship_Status
27,0.171752097,0.096307202,0.28718088,Got Married,Relationship_Status
32,0.095949747,0.049458259,0.177982191,Got Married,Relationship_Status
37,0.156430672,0.085185651,0.268506697,Got Married,Relationship_Status
42,0.138681738,0.071930778,0.249807187,Got Married,Relationship_Status
47,0.146571361,0.077664177,0.258207606,Got Married,Relationship_Status
52,0.131805815,0.069688598,0.233742141,Got Married,Relationship_Status
57,0.124641421,0.065327636,0.223905858,Got Married,Relationship_Status
62,0.119383389,0.063188255,0.214131248,Got Married,Relationship_Status
67,0.096870787,0.052067308,0.17318379,Got Married,Relationship_Status
72,0.140821181,0.074139192,0.249602877,Got Married,Relationship_Status
77,0.140517817,0.075057863,0.247886887,Got Married,Relationship_Status
87,0.088887361,0.045684101,0.165826597,Got Married,Relationship_Status
97,0.101662806,0.052870781,0.186610997,Got Married,Relationship_Status
102,0.142656105,0.076293062,0.251055353,Got Married,Relationship_Status
2,0.137022434,0.101025849,0.185302611,No Change,Dependent_Status
7,0.133857792,0.102302839,0.175295918,No Change,Dependent_Status
12,0.128788235,0.099842867,0.16628399,No Change,Dependent_Status
17,0.124507917,0.095903636,0.1610869,No Change,Dependent_Status
22,0.121634875,0.093060504,0.160015542,No Change,Dependent_Status
27,0.119032207,0.090612488,0.156050276,No Change,Dependent_Status
32,0.117920205,0.089472441,0.155397038,No Change,Dependent_Status
37,0.11412971,0.086543138,0.150728262,No Change,Dependent_Status
42,0.107379809,0.081490733,0.141453536,No Change,Dependent_Status
47,0.107420672,0.080803582,0.143215613,No Change,Dependent_Status
52,0.107928677,0.08037807,0.144297624,No Change,Dependent_Status
57,0.106291899,0.079734514,0.142090222,No Change,Dependent_Status
62,0.099350773,0.073493454,0.13394977,No Change,Dependent_Status
67,0.094765531,0.070431243,0.127582971,No Change,Dependent_Status
72,0.097765132,0.072934399,0.131057991,No Change,Dependent_Status
77,0.10103213,0.075184225,0.135685704,No Change,Dependent_Status
82,0.098944704,0.071970999,0.135642466,No Change,Dependent_Status
87,0.086258375,0.06262485,0.118917773,No Change,Dependent_Status
92,0.090708683,0.06661465,0.123463166,No Change,Dependent_Status
97,0.085839565,0.061699796,0.119341584,No Change,Dependent_Status
102,0.09879648,0.072968811,0.133159772,No Change,Dependent_Status
107,0.091504054,0.066023006,0.127298321,No Change,Dependent_Status
112,0.072743806,0.050969955,0.10377203,No Change,Dependent_Status
117,0.089327843,0.062244503,0.127353459,No Change,Dependent_Status
122,0.086100303,0.060508751,0.122100146,No Change,Dependent_Status
127,0.067187901,0.045241123,0.09939662,No Change,Dependent_Status
132,0.072886386,0.049931178,0.105414871,No Change,Dependent_Status
137,0.089219301,0.061524506,0.127816539,No Change,Dependent_Status
142,0.074716203,0.048641844,0.113787385,No Change,Dependent_Status
147,0.144843272,0.100896192,0.203478844,No Change,Dependent_Status
152,0.089748164,0.061285812,0.128160392,No Change,Dependent_Status
157,0.125247643,0.076885741,0.195065876,No Change,Dependent_Status
162,0.042676373,0.027358859,0.066434403,No Change,Dependent_Status
167,0.047930768,0.03091756,0.074745379,No Change,Dependent_Status
172,0.097133668,0.060943501,0.150855373,No Change,Dependent_Status
177,0.029468726,0.016456851,0.052338057,No Change,Dependent_Status
182,0.085353346,0.055041364,0.130224287,No Change,Dependent_Status
187,0.167954775,0.093573524,0.269866134,No Change,Dependent_Status
192,0.127360508,0.06866787,0.224933224,No Change,Dependent_Status
197,0.094715406,0.060660641,0.144859516,No Change,Dependent_Status
202,0.107493108,0.037853194,0.237224372,No Change,Dependent_Status
207,0.013648416,0.006843637,0.027035151,No Change,Dependent_Status
212,0.070916721,0.042498748,0.115657518,No Change,Dependent_Status
222,0.037361109,0.020705212,0.066753542,No Change,Dependent_Status
227,0.037740798,0.019585145,0.07162718,No Change,Dependent_Status
232,0.072437497,0.041214753,0.122640022,No Change,Dependent_Status
237,0.007764974,0.003582336,0.016749057,No Change,Dependent_Status
242,0.007102022,0.003104539,0.01616331,No Change,Dependent_Status
247,0.05861738,0.032411167,0.103105059,No Change,Dependent_Status
252,0.117405855,0.063915103,0.205820205,No Change,Dependent_Status
257,0.013210086,0.007014014,0.025073851,No Change,Dependent_Status
267,0.054438023,0.029339734,0.098066265,No Change,Dependent_Status
287,0.069778751,0.036900599,0.12804246,No Change,Dependent_Status
292,0.013020655,0.00579063,0.029014448,No Change,Dependent_Status
302,0.031506452,0.0168474,0.058156048,No Change,Dependent_Status
332,0.002924231,0.000751824,0.011302836,No Change,Dependent_Status
337,0.022344705,0.011399031,0.043568911,No Change,Dependent_Status
347,0.302657865,0.114713543,0.592455801,No Change,Dependent_Status
357,0.181360697,0.083774033,0.349287735,No Change,Dependent_Status
397,0.087851291,0.033123685,0.213052391,No Change,Dependent_Status
497,0.071958134,0.026974631,0.176715473,No Change,Dependent_Status
NA,0.012704713,0.004291139,0.037001689,No Change,Dependent_Status
2,0.163300676,0.108074687,0.238008273,Empty Nester,Dependent_Status
7,0.137215001,0.09429094,0.195634888,Empty Nester,Dependent_Status
12,0.140436652,0.097906207,0.198192113,Empty Nester,Dependent_Status
17,0.118821444,0.079980326,0.182841647,Empty Nester,Dependent_Status
22,0.136848006,0.094760186,0.193152732,Empty Nester,Dependent_Status
27,0.123625607,0.086806146,0.173467902,Empty Nester,Dependent_Status
32,0.111818179,0.077008786,0.161073574,Empty Nester,Dependent_Status
37,0.112397411,0.077932466,0.160489776,Empty Nester,Dependent_Status
42,0.11673689,0.080477781,0.167309575,Empty Nester,Dependent_Status
47,0.113194725,0.077557063,0.162919894,Empty Nester,Dependent_Status
52,0.124623042,0.086520039,0.176980214,Empty Nester,Dependent_Status
57,0.111920558,0.076349785,0.161691362,Empty Nester,Dependent_Status
62,0.101316075,0.067079117,0.152171247,Empty Nester,Dependent_Status
67,0.093653461,0.063705335,0.135664318,Empty Nester,Dependent_Status
72,0.095856007,0.064050452,0.141447037,Empty Nester,Dependent_Status
77,0.117196817,0.079423627,0.170605481,Empty Nester,Dependent_Status
82,0.117772854,0.076999038,0.174845718,Empty Nester,Dependent_Status
87,0.111032209,0.078281131,0.155285225,Empty Nester,Dependent_Status
92,0.102495184,0.065230037,0.160195579,Empty Nester,Dependent_Status
97,0.106098902,0.070020595,0.158561671,Empty Nester,Dependent_Status
102,0.091249062,0.061604098,0.133296456,Empty Nester,Dependent_Status
107,0.153706147,0.108458442,0.213293433,Empty Nester,Dependent_Status
112,0.129422689,0.087156935,0.187590761,Empty Nester,Dependent_Status
117,0.120663044,0.074298762,0.188578333,Empty Nester,Dependent_Status
122,0.139136017,0.096001406,0.197202663,Empty Nester,Dependent_Status
127,0.195183281,0.116151618,0.309350482,Empty Nester,Dependent_Status
132,0.05337952,0.034248072,0.082287461,Empty Nester,Dependent_Status
142,0.069993812,0.040709143,0.122445621,Empty Nester,Dependent_Status
147,0.075764661,0.050028306,0.113163566,Empty Nester,Dependent_Status
162,0.105283626,0.070724989,0.153931588,Empty Nester,Dependent_Status
167,0.039422662,0.020047341,0.076070194,Empty Nester,Dependent_Status
172,0.102966458,0.063410691,0.162905386,Empty Nester,Dependent_Status
177,0.013131554,0.005502836,0.031006414,Empty Nester,Dependent_Status
187,0.076821888,0.047149192,0.122762767,Empty Nester,Dependent_Status
207,0.246952275,0.100515226,0.490412649,Empty Nester,Dependent_Status
232,0.127392693,0.077722663,0.201857781,Empty Nester,Dependent_Status
257,0.012934613,0.004753796,0.034702918,Empty Nester,Dependent_Status
287,0.078833299,0.040105564,0.149147527,Empty Nester,Dependent_Status
292,0.025353695,0.011573694,0.054633733,Empty Nester,Dependent_Status
2,0.163007977,0.10906662,0.237937463,Had Child,Dependent_Status
7,0.180578192,0.12264103,0.25868103,Had Child,Dependent_Status
12,0.16317327,0.118884209,0.220006046,Had Child,Dependent_Status
17,0.151977443,0.10556841,0.22528683,Had Child,Dependent_Status
22,0.152907899,0.104663045,0.219774479,Had Child,Dependent_Status
27,0.16128463,0.11469537,0.222905246,Had Child,Dependent_Status
32,0.137493972,0.096134121,0.193393763,Had Child,Dependent_Status
37,0.136788457,0.095141624,0.193070368,Had Child,Dependent_Status
42,0.122945339,0.086392868,0.172393999,Had Child,Dependent_Status
47,0.164013728,0.111291329,0.237453699,Had Child,Dependent_Status
52,0.138076261,0.095294732,0.195331164,Had Child,Dependent_Status
57,0.153393679,0.10729918,0.215278329,Had Child,Dependent_Status
62,0.119809391,0.082388132,0.172159105,Had Child,Dependent_Status
67,0.164629608,0.104747262,0.250065811,Had Child,Dependent_Status
72,0.122658046,0.082259,0.18006283,Had Child,Dependent_Status
77,0.103565101,0.070650167,0.14937697,Had Child,Dependent_Status
82,0.126669771,0.085470713,0.185831673,Had Child,Dependent_Status
87,0.088548594,0.056750205,0.137312367,Had Child,Dependent_Status
92,0.106269031,0.073300002,0.1520754,Had Child,Dependent_Status
97,0.137956419,0.091432008,0.202913542,Had Child,Dependent_Status
102,0.159295954,0.107434735,0.22957479,Had Child,Dependent_Status
107,0.09276614,0.065116508,0.130461439,Had Child,Dependent_Status
112,0.117925934,0.079492009,0.172498383,Had Child,Dependent_Status
122,0.080964624,0.054963305,0.117775343,Had Child,Dependent_Status
127,0.092258255,0.044079695,0.181031178,Had Child,Dependent_Status
137,0.125705782,0.082081831,0.18777177,Had Child,Dependent_Status
142,0.079220405,0.051251864,0.120613522,Had Child,Dependent_Status
147,0.147170076,0.099690432,0.211532024,Had Child,Dependent_Status
162,0.273523395,0.170975227,0.407355879,Had Child,Dependent_Status
167,0.02501639,0.012948187,0.047788045,Had Child,Dependent_Status
172,0.178388231,0.089529163,0.32405159,Had Child,Dependent_Status
187,0.140711171,0.090866115,0.211536879,Had Child,Dependent_Status
192,0.101560344,0.058179148,0.171401819,Had Child,Dependent_Status
237,0.032325582,0.018141374,0.056956673,Had Child,Dependent_Status
287,0.071104198,0.036745511,0.13314894,Had Child,Dependent_Status
2,0.133776356,0.092521072,0.189523944,Asian,Race
7,0.121963513,0.08645044,0.1697266,Asian,Race
12,0.127294119,0.088344953,0.181084447,Asian,Race
17,0.118250451,0.083457619,0.165156582,Asian,Race
22,0.126635827,0.087244056,0.180640862,Asian,Race
27,0.130982781,0.088225297,0.189549055,Asian,Race
32,0.121981476,0.084295663,0.173290318,Asian,Race
37,0.108515183,0.075015914,0.154231356,Asian,Race
42,0.119710435,0.081363565,0.173140755,Asian,Race
47,0.096203743,0.064291731,0.142648578,Asian,Race
52,0.095204723,0.063094575,0.141348335,Asian,Race
57,0.09493009,0.063330612,0.140268173,Asian,Race
62,0.082103026,0.054386405,0.122534674,Asian,Race
67,0.088245484,0.060830387,0.126642727,Asian,Race
72,0.083556897,0.057569486,0.119950936,Asian,Race
77,0.085628496,0.060556551,0.119616427,Asian,Race
82,0.103587506,0.071368796,0.149023813,Asian,Race
87,0.058764499,0.034093308,0.101050413,Asian,Race
92,0.070995196,0.045491879,0.109592727,Asian,Race
97,0.081059277,0.051896053,0.124758449,Asian,Race
102,0.143447802,0.099260819,0.201915988,Asian,Race
112,0.056602921,0.03708363,0.085496215,Asian,Race
162,0.016167711,0.008757918,0.029659112,Asian,Race
172,0.071811995,0.043302688,0.117276228,Asian,Race
177,0.037105431,0.019785942,0.068525564,Asian,Race
192,0.154424309,0.088078051,0.254840806,Asian,Race
202,0.03269692,0.016192298,0.064914485,Asian,Race
212,0.096391441,0.058401701,0.154896483,Asian,Race
227,0.014358283,0.006545829,0.03120206,Asian,Race
232,0.142424241,0.080170272,0.240386296,Asian,Race
247,0.105989253,0.05957053,0.181594089,Asian,Race
252,0.117405855,0.063915103,0.205820205,Asian,Race
267,0.086660539,0.047332432,0.153396911,Asian,Race
287,0.072796934,0.03796892,0.135077482,Asian,Race
397,0.087851291,0.033123685,0.213052391,Asian,Race
2,0.156978808,0.119847508,0.204191044,Black,Race
7,0.153199636,0.12022405,0.194344513,Black,Race
12,0.148477541,0.118601768,0.185931913,Black,Race
17,0.139571634,0.110723022,0.177179804,Black,Race
22,0.141622501,0.110153782,0.182742921,Black,Race
27,0.135819187,0.10653964,0.172405936,Black,Race
32,0.132632917,0.10444942,0.167994109,Black,Race
37,0.127957708,0.100633958,0.162564395,Black,Race
42,0.116224251,0.091366993,0.147576716,Black,Race
47,0.12457417,0.096155109,0.161224004,Black,Race
52,0.120239539,0.092510368,0.155468413,Black,Race
57,0.121785077,0.093940863,0.157532741,Black,Race
62,0.112586338,0.085477428,0.14788756,Black,Race
67,0.109102912,0.083694945,0.141860996,Black,Race
72,0.113873425,0.086448331,0.149422753,Black,Race
77,0.110259741,0.084151261,0.14431445,Black,Race
82,0.106887008,0.079313641,0.143452722,Black,Race
87,0.098300671,0.073537164,0.130692892,Black,Race
92,0.10818258,0.081485897,0.143207977,Black,Race
97,0.100147299,0.072889657,0.137489609,Black,Race
102,0.109630282,0.082577024,0.144955299,Black,Race
107,0.109651826,0.080238813,0.149868315,Black,Race
112,0.102324267,0.071846989,0.144771325,Black,Race
117,0.089084253,0.063942657,0.123002242,Black,Race
122,0.097648082,0.068715269,0.138184243,Black,Race
127,0.095633942,0.05971026,0.150870724,Black,Race
132,0.085309416,0.057810246,0.124432067,Black,Race
137,0.089684904,0.06454438,0.123736554,Black,Race
142,0.092775766,0.060908262,0.13967382,Black,Race
147,0.134350188,0.094654042,0.187939898,Black,Race
152,0.115447317,0.079733616,0.162344062,Black,Race
157,0.141761226,0.085682557,0.221455425,Black,Race
162,0.080662273,0.051743058,0.121628711,Black,Race
167,0.056698662,0.036960482,0.087732726,Black,Race
172,0.098604319,0.062173003,0.153544897,Black,Race
177,0.028973876,0.016991277,0.048955382,Black,Race
182,0.024638425,0.012802725,0.046896066,Black,Race
187,0.189545784,0.105836234,0.301864303,Black,Race
192,0.047432742,0.019358786,0.111586655,Black,Race
197,0.215487268,0.145781379,0.306561771,Black,Race
202,0.144891203,0.048683643,0.323379316,Black,Race
207,0.246952275,0.100515226,0.490412649,Black,Race
212,0.030440191,0.018849505,0.04929894,Black,Race
222,0.012879797,0.006197536,0.026564325,Black,Race
227,0.016313399,0.007403858,0.035560267,Black,Race
232,0.067426981,0.040398884,0.109797184,Black,Race
237,0.032325582,0.018141374,0.056956673,Black,Race
247,0.008489141,0.003727665,0.019215312,Black,Race
257,0.013210086,0.007014014,0.025073851,Black,Race
267,0.007118632,0.003112791,0.016195192,Black,Race
287,0.071104198,0.036745511,0.13314894,Black,Race
292,0.019187175,0.008682162,0.041824091,Black,Race
302,0.031506452,0.0168474,0.058156048,Black,Race
337,0.022344705,0.011399031,0.043568911,Black,Race
357,0.181360697,0.083774033,0.349287735,Black,Race
497,0.122985009,0.047610292,0.282316905,Black,Race
2,0.133423317,0.100296687,0.175471342,Hispanic,Race
7,0.120074535,0.08962163,0.159506971,Hispanic,Race
12,0.116562601,0.086760901,0.155764273,Hispanic,Race
17,0.118080852,0.087479573,0.157756193,Hispanic,Race
22,0.116759957,0.086630585,0.155889232,Hispanic,Race
27,0.109895372,0.08178595,0.146666639,Hispanic,Race
32,0.110701164,0.082703627,0.147363384,Hispanic,Race
37,0.104710459,0.077381448,0.140785576,Hispanic,Race
42,0.108369672,0.0805052,0.144917963,Hispanic,Race
47,0.103007915,0.073312955,0.144311559,Hispanic,Race
52,0.10477384,0.075383506,0.145397958,Hispanic,Race
57,0.103485372,0.074627781,0.143408464,Hispanic,Race
62,0.083556334,0.061325027,0.11336752,Hispanic,Race
67,0.089330007,0.064841594,0.122481148,Hispanic,Race
72,0.083837505,0.059768681,0.116985523,Hispanic,Race
77,0.094470341,0.067148981,0.132708366,Hispanic,Race
82,0.101528678,0.071952575,0.141598102,Hispanic,Race
87,0.084271065,0.057521637,0.122831667,Hispanic,Race
92,0.080601215,0.058383327,0.110754432,Hispanic,Race
97,0.075131814,0.052040826,0.107570168,Hispanic,Race
102,0.075500285,0.054511937,0.103958875,Hispanic,Race
107,0.091343083,0.064584728,0.127936536,Hispanic,Race
112,0.073241985,0.050634756,0.104828568,Hispanic,Race
117,0.102687693,0.073608949,0.141724257,Hispanic,Race
122,0.069346664,0.04809649,0.098967176,Hispanic,Race
127,0.053443092,0.03728167,0.076110022,Hispanic,Race
132,0.060882971,0.04314414,0.085494785,Hispanic,Race
137,0.090403976,0.063629934,0.126684124,Hispanic,Race
142,0.049639995,0.034119035,0.071933243,Hispanic,Race
147,0.145181173,0.096507385,0.210318163,Hispanic,Race
152,0.05265469,0.034028001,0.080626463,Hispanic,Race
157,0.088136453,0.060751898,0.126254114,Hispanic,Race
162,0.058752109,0.037868705,0.090073889,Hispanic,Race
167,0.028749717,0.015262866,0.053601019,Hispanic,Race
172,0.167675451,0.098506319,0.272269246,Hispanic,Race
177,0.027887858,0.014170864,0.054153149,Hispanic,Race
182,0.133361329,0.085527541,0.202037072,Hispanic,Race
187,0.092510929,0.056758426,0.148058313,Hispanic,Race
197,0.034329475,0.018100273,0.064008388,Hispanic,Race
207,0.013648416,0.006843637,0.027035151,Hispanic,Race
222,0.062102783,0.031953245,0.117254259,Hispanic,Race
227,0.064606324,0.032638404,0.123875886,Hispanic,Race
237,0.007764974,0.003582336,0.016749057,Hispanic,Race
242,0.007102022,0.003104539,0.01616331,Hispanic,Race
2,0.136498816,0.094017743,0.194487441,Multi,Race
7,0.119489988,0.085473959,0.164645657,Multi,Race
12,0.11365786,0.080401717,0.158450986,Multi,Race
17,0.117426417,0.079938032,0.169817515,Multi,Race
22,0.105975891,0.073185657,0.15932102,Multi,Race
27,0.100657296,0.070707482,0.141789147,Multi,Race
32,0.094512369,0.066088562,0.134212083,Multi,Race
37,0.102638996,0.069385844,0.14983387,Multi,Race
42,0.091120187,0.062118677,0.132276113,Multi,Race
47,0.094972168,0.06492321,0.137979995,Multi,Race
52,0.081725301,0.057911755,0.114114935,Multi,Race
57,0.092537296,0.062824965,0.134712622,Multi,Race
62,0.08117541,0.054673879,0.119258424,Multi,Race
67,0.076483972,0.051483869,0.113565263,Multi,Race
72,0.076242737,0.050516756,0.114812737,Multi,Race
77,0.106385902,0.067833911,0.1581515,Multi,Race
82,0.085058598,0.056867853,0.124989923,Multi,Race
87,0.074487348,0.047520464,0.119238095,Multi,Race
92,0.069823607,0.045393888,0.106977103,Multi,Race
97,0.094111402,0.062872829,0.138396229,Multi,Race
102,0.042309541,0.028847711,0.061721174,Multi,Race
107,0.097567394,0.068232235,0.137651446,Multi,Race
112,0.051071276,0.033232728,0.077769292,Multi,Race
117,0.091037942,0.055222307,0.144262107,Multi,Race
122,0.078007126,0.051350666,0.116797449,Multi,Race
127,0.085940257,0.057780378,0.12545042,Multi,Race
132,0.045737477,0.029603882,0.07002908,Multi,Race
137,0.038121679,0.02268514,0.063381094,Multi,Race
142,0.06702067,0.037201721,0.120006918,Multi,Race
157,0.128120126,0.075613638,0.209324928,Multi,Race
167,0.03897986,0.024870365,0.060596553,Multi,Race
172,0.249792337,0.15605929,0.374819924,Multi,Race
177,0.024897437,0.013810471,0.044483485,Multi,Race
222,0.086063374,0.052980209,0.136820475,Multi,Race
227,0.055685187,0.031752488,0.095870508,Multi,Race
2,0.162796368,0.081036642,0.299610449,Native American,Race
7,0.173731146,0.081834339,0.354326459,Native American,Race
12,0.170734856,0.08456304,0.314720676,Native American,Race
17,0.192385361,0.094646735,0.35183219,Native American,Race
22,0.120810039,0.057310662,0.234641643,Native American,Race
27,0.145268299,0.071766524,0.271374049,Native American,Race
32,0.143909048,0.071002878,0.269215772,Native American,Race
37,0.126114798,0.059461079,0.247071836,Native American,Race
42,0.136810976,0.065123618,0.261020435,Native American,Race
47,0.088679198,0.041624633,0.17899198,Native American,Race
57,0.146875826,0.071764555,0.277130442,Native American,Race
67,0.223252822,0.108606607,0.404062431,Native American,Race
77,0.201860113,0.10249233,0.359028284,Native American,Race
82,0.07540722,0.03222892,0.166481827,Native American,Race
87,0.098735778,0.045979939,0.199372209,Native American,Race
92,0.164548285,0.081116985,0.304542603,Native American,Race
117,0.136790494,0.066819628,0.256240791,Native American,Race
2,0.152433746,0.08451356,0.258844704,Other,Race
7,0.212331797,0.112986865,0.358199829,Other,Race
12,0.161921713,0.09080919,0.272129185,Other,Race
17,0.170477601,0.096316377,0.28287264,Other,Race
22,0.159568904,0.088599526,0.270256667,Other,Race
27,0.154841104,0.085299064,0.264333598,Other,Race
32,0.144746559,0.080586941,0.245843728,Other,Race
37,0.133762946,0.072823333,0.232268844,Other,Race
42,0.148610605,0.084593501,0.247951171,Other,Race
47,0.118728818,0.063026589,0.21141742,Other,Race
52,0.126730864,0.066252423,0.225921455,Other,Race
57,0.07850063,0.041228272,0.144234857,Other,Race
62,0.126552071,0.068610092,0.221301676,Other,Race
67,0.11095635,0.060731782,0.194025184,Other,Race
72,0.097032462,0.052084779,0.173686018,Other,Race
77,0.086353802,0.045380042,0.15814449,Other,Race
82,0.134995617,0.074362709,0.231538575,Other,Race
87,0.037053015,0.016401343,0.08155214,Other,Race
92,0.053445604,0.027094637,0.102604288,Other,Race
97,0.090959466,0.046454225,0.170479692,Other,Race
102,0.073197428,0.038685997,0.134081397,Other,Race
107,0.053422335,0.027084159,0.102448617,Other,Race
112,0.067958661,0.034537086,0.12884872,Other,Race
117,0.025310117,0.012500852,0.050572488,Other,Race
137,0.142764637,0.078714644,0.239087923,Other,Race
142,0.031846461,0.01489833,0.066767798,Other,Race
177,0.013131554,0.005502836,0.031006414,Other,Race
257,0.012934613,0.004753796,0.034702918,Other,Race
332,0.002924231,0.000751824,0.011302836,Other,Race
347,0.302657865,0.114713543,0.592455801,Other,Race
2,0.120894451,0.087765412,0.168493433,White,Race
7,0.112769029,0.084521464,0.149118421,White,Race
12,0.101293382,0.075817976,0.134692193,White,Race
17,0.099068155,0.072388437,0.135011141,White,Race
22,0.094828143,0.070558199,0.126967387,White,Race
27,0.093295329,0.068415502,0.1266832,White,Race
32,0.097302773,0.071174255,0.132250145,White,Race
37,0.088284791,0.063780956,0.121726097,White,Race
42,0.083819999,0.061011282,0.115286404,White,Race
47,0.080620681,0.059056401,0.109963077,White,Race
52,0.094491003,0.063301615,0.135631794,White,Race
57,0.079150055,0.055433216,0.112950656,White,Race
62,0.086302071,0.058494327,0.125308341,White,Race
67,0.079070031,0.053305364,0.116143232,White,Race
72,0.079601715,0.055192813,0.115117219,White,Race
77,0.058228404,0.040915738,0.082538334,White,Race
82,0.058871893,0.040956908,0.084860068,White,Race
87,0.067043599,0.046942433,0.095908098,White,Race
92,0.059859322,0.04108388,0.086543744,White,Race
97,0.065635125,0.044841116,0.095383077,White,Race
102,0.081045159,0.056338298,0.114964499,White,Race
107,0.054842764,0.038029269,0.078747634,White,Race
112,0.063498987,0.044851649,0.089453073,White,Race
117,0.089163594,0.058957343,0.132005204,White,Race
122,0.082901436,0.057296765,0.118178652,White,Race
127,0.066641699,0.040812786,0.108837461,White,Race
132,0.029157852,0.018690988,0.045216032,White,Race
137,0.077385164,0.050156088,0.117158877,White,Race
142,0.068882033,0.043005011,0.108563427,White,Race
147,0.143603173,0.099566149,0.202732246,White,Race
152,0.024045026,0.01475241,0.038959644,White,Race
157,0.062827925,0.041135421,0.094828514,White,Race
172,0.042781465,0.026605134,0.067903556,White,Race
182,0.098060285,0.066793826,0.141739722,White,Race
212,0.100920343,0.057991328,0.169896743,White,Race
247,0.061373746,0.033935305,0.108505775,White,Race
267,0.084631774,0.045808224,0.151147119,White,Race
497,0.054949176,0.020096077,0.141514996,White,Race
NA,0.012704713,0.004291139,0.037001689,White,Race
