Des_Age,PredictedProb,LL,UL,Grouping_Var,Grouping
18,0.084107223,0.035046599,0.188434828,Became Disabled,Disability_Status
19,0.151587772,0.067117902,0.30738123,Became Disabled,Disability_Status
23,0.13519156,0.060395831,0.275460513,Became Disabled,Disability_Status
25,0.107970695,0.045513388,0.235032203,Became Disabled,Disability_Status
27,0.125674194,0.055073786,0.261296842,Became Disabled,Disability_Status
28,0.149961046,0.064859111,0.309740363,Became Disabled,Disability_Status
29,0.074115737,0.030661467,0.168452375,Became Disabled,Disability_Status
30,0.154074389,0.069453409,0.305056641,Became Disabled,Disability_Status
31,0.157963674,0.072619959,0.310069913,Became Disabled,Disability_Status
34,0.079456443,0.033729827,0.175889347,Became Disabled,Disability_Status
36,0.097763394,0.042416353,0.209297358,Became Disabled,Disability_Status
37,0.136559086,0.062497654,0.27284299,Became Disabled,Disability_Status
38,0.134842083,0.060806272,0.272834919,Became Disabled,Disability_Status
39,0.056726484,0.023376471,0.131260551,Became Disabled,Disability_Status
41,0.108965527,0.049196273,0.224224863,Became Disabled,Disability_Status
44,0.13249535,0.05498028,0.278091245,Became Disabled,Disability_Status
45,0.101090653,0.045011114,0.211561479,Became Disabled,Disability_Status
46,0.115863659,0.051882498,0.238867701,Became Disabled,Disability_Status
48,0.086041772,0.03450538,0.198709649,Became Disabled,Disability_Status
49,0.109242309,0.048306753,0.228581783,Became Disabled,Disability_Status
51,0.101635617,0.044373305,0.216172392,Became Disabled,Disability_Status
53,0.137971203,0.057684163,0.293182583,Became Disabled,Disability_Status
54,0.08400905,0.036106674,0.183372865,Became Disabled,Disability_Status
55,0.07500685,0.03259776,0.163277265,Became Disabled,Disability_Status
56,0.051890291,0.020949428,0.122596257,Became Disabled,Disability_Status
57,0.06979802,0.029450994,0.156374205,Became Disabled,Disability_Status
58,0.064761033,0.026875455,0.148015661,Became Disabled,Disability_Status
59,0.080216626,0.034321681,0.176163907,Became Disabled,Disability_Status
60,0.06079617,0.025906379,0.136108678,Became Disabled,Disability_Status
61,0.082878379,0.03569538,0.180783823,Became Disabled,Disability_Status
62,0.08176474,0.036005115,0.175116587,Became Disabled,Disability_Status
63,0.112415369,0.044755374,0.251303461,Became Disabled,Disability_Status
65,0.062979557,0.026657936,0.141590625,Became Disabled,Disability_Status
66,0.077583708,0.033668991,0.16868608,Became Disabled,Disability_Status
68,0.055955794,0.024088784,0.124597337,Became Disabled,Disability_Status
69,0.08358141,0.035968531,0.182302555,Became Disabled,Disability_Status
70,0.040361921,0.016467277,0.095559872,Became Disabled,Disability_Status
71,0.048379694,0.018911735,0.11823076,Became Disabled,Disability_Status
74,0.05451405,0.023069055,0.123406752,Became Disabled,Disability_Status
87,0.050268615,0.020706396,0.116994173,Became Disabled,Disability_Status
89,0.038810488,0.015841012,0.091910839,Became Disabled,Disability_Status
16,0.15127367,0.112054737,0.201110233,Disabled,Disability_Status
17,0.191255469,0.142520372,0.251628202,Disabled,Disability_Status
18,0.143865602,0.10853584,0.188266915,Disabled,Disability_Status
19,0.139715681,0.103269451,0.186785878,Disabled,Disability_Status
20,0.133227231,0.093967116,0.185889475,Disabled,Disability_Status
21,0.140847127,0.102655049,0.190232714,Disabled,Disability_Status
22,0.158682859,0.11323847,0.218036532,Disabled,Disability_Status
23,0.128710658,0.094850271,0.172315318,Disabled,Disability_Status
24,0.120555636,0.087261679,0.164471252,Disabled,Disability_Status
25,0.130234719,0.091420924,0.182123768,Disabled,Disability_Status
26,0.131086996,0.091424993,0.186163242,Disabled,Disability_Status
27,0.107866154,0.073836439,0.156449044,Disabled,Disability_Status
28,0.122330249,0.089023834,0.166550573,Disabled,Disability_Status
29,0.137605746,0.100481174,0.185811855,Disabled,Disability_Status
30,0.123034681,0.087333939,0.172362921,Disabled,Disability_Status
31,0.133230187,0.094167686,0.186423394,Disabled,Disability_Status
32,0.117070596,0.082908797,0.164199208,Disabled,Disability_Status
33,0.113127466,0.080252707,0.15838855,Disabled,Disability_Status
34,0.112499144,0.078662776,0.160256284,Disabled,Disability_Status
35,0.11084927,0.078316502,0.155641133,Disabled,Disability_Status
36,0.112445085,0.079716364,0.157191662,Disabled,Disability_Status
37,0.111425628,0.079251092,0.156133324,Disabled,Disability_Status
38,0.098221021,0.069185049,0.1385165,Disabled,Disability_Status
39,0.111760004,0.075066199,0.163040087,Disabled,Disability_Status
40,0.09011591,0.06448852,0.124737355,Disabled,Disability_Status
41,0.105499254,0.076505513,0.144001068,Disabled,Disability_Status
42,0.090791092,0.066487443,0.123368882,Disabled,Disability_Status
43,0.11712064,0.077341581,0.169704709,Disabled,Disability_Status
44,0.091773596,0.06766884,0.123522701,Disabled,Disability_Status
45,0.096725736,0.066202923,0.139674969,Disabled,Disability_Status
46,0.0805672,0.057460953,0.112591502,Disabled,Disability_Status
47,0.090016664,0.062048513,0.128957574,Disabled,Disability_Status
48,0.077751676,0.05586218,0.107554381,Disabled,Disability_Status
49,0.089187466,0.064510212,0.12337321,Disabled,Disability_Status
50,0.086992251,0.059829029,0.123110678,Disabled,Disability_Status
51,0.083594305,0.06101529,0.114242838,Disabled,Disability_Status
52,0.083896591,0.058928266,0.119198184,Disabled,Disability_Status
53,0.078785193,0.057986429,0.107157005,Disabled,Disability_Status
54,0.073905952,0.052475128,0.103910611,Disabled,Disability_Status
55,0.074185998,0.054036198,0.101468522,Disabled,Disability_Status
56,0.071796749,0.051251984,0.100285963,Disabled,Disability_Status
57,0.075479668,0.053277814,0.106570219,Disabled,Disability_Status
58,0.073369818,0.051477137,0.10404384,Disabled,Disability_Status
59,0.082204116,0.057364086,0.116894833,Disabled,Disability_Status
60,0.069674991,0.048773656,0.099335756,Disabled,Disability_Status
61,0.080309193,0.056850623,0.112863021,Disabled,Disability_Status
62,0.073863912,0.051107252,0.106521767,Disabled,Disability_Status
63,0.071578445,0.050922194,0.099970238,Disabled,Disability_Status
64,0.059280836,0.040871957,0.086503267,Disabled,Disability_Status
65,0.073002283,0.049796973,0.10680425,Disabled,Disability_Status
66,0.065329925,0.045439648,0.094047749,Disabled,Disability_Status
67,0.068914773,0.048726436,0.097294462,Disabled,Disability_Status
68,0.056009795,0.040450254,0.077308781,Disabled,Disability_Status
69,0.057537005,0.040558091,0.081239112,Disabled,Disability_Status
70,0.0558569,0.038701735,0.080694816,Disabled,Disability_Status
71,0.057632954,0.039933357,0.083010516,Disabled,Disability_Status
72,0.06175121,0.041881149,0.091264919,Disabled,Disability_Status
73,0.063564703,0.042417439,0.094460409,Disabled,Disability_Status
74,0.044460194,0.030394303,0.064870672,Disabled,Disability_Status
75,0.049414784,0.036164239,0.067203849,Disabled,Disability_Status
76,0.049327024,0.034784125,0.069541042,Disabled,Disability_Status
77,0.045518958,0.032652951,0.063128681,Disabled,Disability_Status
78,0.064698184,0.040641614,0.103235548,Disabled,Disability_Status
79,0.043501327,0.03076285,0.061304573,Disabled,Disability_Status
80,0.04212252,0.029043657,0.060795075,Disabled,Disability_Status
81,0.046445466,0.032540207,0.066014277,Disabled,Disability_Status
82,0.035169788,0.024481444,0.050518082,Disabled,Disability_Status
83,0.02697265,0.017004697,0.042530384,Disabled,Disability_Status
84,0.051099536,0.034304074,0.07571735,Disabled,Disability_Status
85,0.032540318,0.021890764,0.048617118,Disabled,Disability_Status
86,0.030160424,0.020997073,0.043155844,Disabled,Disability_Status
87,0.033071373,0.022089715,0.049579239,Disabled,Disability_Status
89,0.042775183,0.029993491,0.060663137,Disabled,Disability_Status
16,0.165140571,0.098062922,0.264638556,Lost Disabilty Benifits,Disability_Status
17,0.266966484,0.163859239,0.403633677,Lost Disabilty Benifits,Disability_Status
19,0.14493689,0.079990428,0.248378953,Lost Disabilty Benifits,Disability_Status
20,0.178269404,0.078541406,0.355740172,Lost Disabilty Benifits,Disability_Status
21,0.161313392,0.098688193,0.25243518,Lost Disabilty Benifits,Disability_Status
22,0.151092164,0.088649161,0.245825393,Lost Disabilty Benifits,Disability_Status
23,0.174452663,0.10376389,0.27859932,Lost Disabilty Benifits,Disability_Status
24,0.159520251,0.090915284,0.264814397,Lost Disabilty Benifits,Disability_Status
25,0.162991663,0.099704774,0.255151538,Lost Disabilty Benifits,Disability_Status
26,0.15241764,0.090391606,0.245536972,Lost Disabilty Benifits,Disability_Status
27,0.143178827,0.083192851,0.235977518,Lost Disabilty Benifits,Disability_Status
28,0.09347475,0.052470288,0.161651744,Lost Disabilty Benifits,Disability_Status
29,0.154344517,0.094047586,0.242933429,Lost Disabilty Benifits,Disability_Status
30,0.142816968,0.088490596,0.222364903,Lost Disabilty Benifits,Disability_Status
31,0.165950092,0.101022331,0.26046943,Lost Disabilty Benifits,Disability_Status
32,0.12051027,0.073543754,0.191285997,Lost Disabilty Benifits,Disability_Status
33,0.140071603,0.080701728,0.232077137,Lost Disabilty Benifits,Disability_Status
34,0.129765379,0.073792584,0.2181927,Lost Disabilty Benifits,Disability_Status
35,0.167655779,0.090753801,0.289578196,Lost Disabilty Benifits,Disability_Status
36,0.173738238,0.101974776,0.278934823,Lost Disabilty Benifits,Disability_Status
37,0.117295734,0.068746248,0.192891839,Lost Disabilty Benifits,Disability_Status
38,0.129608966,0.080231282,0.202679233,Lost Disabilty Benifits,Disability_Status
39,0.122064634,0.070855068,0.201503292,Lost Disabilty Benifits,Disability_Status
40,0.092661747,0.050900331,0.162808966,Lost Disabilty Benifits,Disability_Status
41,0.143545629,0.070582868,0.270019039,Lost Disabilty Benifits,Disability_Status
42,0.115554103,0.066747281,0.19280447,Lost Disabilty Benifits,Disability_Status
43,0.111552054,0.063215928,0.190180907,Lost Disabilty Benifits,Disability_Status
45,0.097868654,0.057637222,0.161373228,Lost Disabilty Benifits,Disability_Status
46,0.108038564,0.066282453,0.171274627,Lost Disabilty Benifits,Disability_Status
47,0.110512465,0.066974049,0.177063848,Lost Disabilty Benifits,Disability_Status
48,0.104190597,0.059506732,0.17642679,Lost Disabilty Benifits,Disability_Status
50,0.103745205,0.058929875,0.176595156,Lost Disabilty Benifits,Disability_Status
51,0.092932974,0.053773309,0.156254825,Lost Disabilty Benifits,Disability_Status
53,0.109577042,0.060638985,0.188875415,Lost Disabilty Benifits,Disability_Status
54,0.104855748,0.061541624,0.173057918,Lost Disabilty Benifits,Disability_Status
56,0.077008704,0.042897822,0.134162931,Lost Disabilty Benifits,Disability_Status
57,0.090202599,0.052809311,0.14998249,Lost Disabilty Benifits,Disability_Status
58,0.104582842,0.060163799,0.175215642,Lost Disabilty Benifits,Disability_Status
59,0.088466198,0.048210361,0.155796686,Lost Disabilty Benifits,Disability_Status
60,0.082809444,0.046611181,0.143439035,Lost Disabilty Benifits,Disability_Status
63,0.076894515,0.045163493,0.127876916,Lost Disabilty Benifits,Disability_Status
64,0.092818219,0.05311156,0.157119227,Lost Disabilty Benifits,Disability_Status
65,0.101552271,0.058201751,0.171277347,Lost Disabilty Benifits,Disability_Status
66,0.064721853,0.03726922,0.110269002,Lost Disabilty Benifits,Disability_Status
67,0.079320983,0.046489337,0.132112433,Lost Disabilty Benifits,Disability_Status
70,0.066459933,0.033583601,0.12728145,Lost Disabilty Benifits,Disability_Status
71,0.095518572,0.054140495,0.163170888,Lost Disabilty Benifits,Disability_Status
73,0.077333371,0.043224162,0.134994055,Lost Disabilty Benifits,Disability_Status
74,0.076483445,0.041615937,0.137256192,Lost Disabilty Benifits,Disability_Status
76,0.067355098,0.037411413,0.118927569,Lost Disabilty Benifits,Disability_Status
78,0.052095213,0.029794765,0.089546312,Lost Disabilty Benifits,Disability_Status
81,0.048273058,0.025599229,0.089191357,Lost Disabilty Benifits,Disability_Status
83,0.057045764,0.032692599,0.097679396,Lost Disabilty Benifits,Disability_Status
85,0.043069456,0.024215738,0.0754669,Lost Disabilty Benifits,Disability_Status
86,0.06433687,0.035884766,0.112710644,Lost Disabilty Benifits,Disability_Status
15,0.099308563,0.058543028,0.163529861,No,Disability_Status
16,0.139876819,0.100687793,0.192523036,No,Disability_Status
17,0.166271661,0.12450637,0.219880846,No,Disability_Status
18,0.166819165,0.128727505,0.214152534,No,Disability_Status
19,0.172866295,0.133464056,0.221987261,No,Disability_Status
20,0.171232152,0.131330064,0.220999695,No,Disability_Status
21,0.171072713,0.131856002,0.219991731,No,Disability_Status
22,0.169581621,0.128869475,0.221018937,No,Disability_Status
23,0.172218419,0.132413164,0.222175605,No,Disability_Status
24,0.166543891,0.127106561,0.21659376,No,Disability_Status
25,0.165872037,0.130532114,0.209468566,No,Disability_Status
26,0.162692127,0.125135614,0.210120069,No,Disability_Status
27,0.159213737,0.123967627,0.203073177,No,Disability_Status
28,0.159984567,0.123911299,0.205328986,No,Disability_Status
29,0.154660041,0.117510201,0.202336089,No,Disability_Status
30,0.152979013,0.115441622,0.203252489,No,Disability_Status
31,0.146754213,0.110827699,0.192995267,No,Disability_Status
32,0.148361681,0.110231556,0.200638259,No,Disability_Status
33,0.145706653,0.110151209,0.191715536,No,Disability_Status
34,0.141079791,0.106782908,0.185231364,No,Disability_Status
35,0.135660389,0.102247079,0.179708537,No,Disability_Status
36,0.130173576,0.098877003,0.17056113,No,Disability_Status
37,0.135934176,0.101726887,0.180537692,No,Disability_Status
38,0.13742817,0.103692416,0.18068992,No,Disability_Status
39,0.132969391,0.098315319,0.178259979,No,Disability_Status
40,0.125629913,0.095087823,0.165264764,No,Disability_Status
41,0.114896275,0.086428761,0.151920307,No,Disability_Status
42,0.123938216,0.093025078,0.164136827,No,Disability_Status
43,0.114083223,0.085612237,0.151631823,No,Disability_Status
44,0.118030099,0.08686314,0.159089108,No,Disability_Status
45,0.119591668,0.088193727,0.163249826,No,Disability_Status
46,0.116372261,0.087415622,0.156380973,No,Disability_Status
47,0.116304002,0.087112446,0.154949708,No,Disability_Status
48,0.108266522,0.082744001,0.141589347,No,Disability_Status
49,0.106887519,0.080067144,0.142798272,No,Disability_Status
50,0.109971975,0.083213759,0.147380877,No,Disability_Status
51,0.108436678,0.079951985,0.149071916,No,Disability_Status
52,0.106159628,0.078679016,0.145194568,No,Disability_Status
53,0.102990551,0.076099882,0.139461332,No,Disability_Status
54,0.10051049,0.073927081,0.138110099,No,Disability_Status
55,0.098457758,0.07268937,0.133088518,No,Disability_Status
56,0.099043186,0.072851009,0.134635229,No,Disability_Status
57,0.093912464,0.068908848,0.12780476,No,Disability_Status
58,0.096923409,0.072553399,0.129523105,No,Disability_Status
59,0.090962943,0.066202574,0.124903233,No,Disability_Status
60,0.089475555,0.066550262,0.120317692,No,Disability_Status
61,0.08142011,0.06061248,0.109466596,No,Disability_Status
62,0.087531901,0.065032726,0.117688999,No,Disability_Status
63,0.084195503,0.061717401,0.11469034,No,Disability_Status
64,0.084573511,0.062523335,0.11430817,No,Disability_Status
65,0.081412906,0.060075041,0.1103616,No,Disability_Status
66,0.081547188,0.059588868,0.112103171,No,Disability_Status
67,0.078252851,0.058213895,0.105015326,No,Disability_Status
68,0.070712504,0.052184867,0.095774442,No,Disability_Status
69,0.073808951,0.054060071,0.101376454,No,Disability_Status
70,0.070171283,0.051797191,0.094830837,No,Disability_Status
71,0.073783723,0.053211807,0.103011638,No,Disability_Status
72,0.068723649,0.050186771,0.094100768,No,Disability_Status
73,0.070167109,0.051352788,0.096057125,No,Disability_Status
74,0.072279602,0.052892663,0.098578327,No,Disability_Status
75,0.066545067,0.048807922,0.090590413,No,Disability_Status
76,0.063435549,0.046878048,0.085651042,No,Disability_Status
77,0.063772747,0.04552026,0.089330328,No,Disability_Status
78,0.059313582,0.043843637,0.079870831,No,Disability_Status
79,0.058581552,0.042831885,0.079822618,No,Disability_Status
80,0.071204933,0.048855683,0.103378136,No,Disability_Status
81,0.05277752,0.036672122,0.076294487,No,Disability_Status
82,0.060031822,0.039329899,0.091331374,No,Disability_Status
83,0.054512633,0.038090328,0.078307351,No,Disability_Status
84,0.054253917,0.039017506,0.075036599,No,Disability_Status
85,0.054092521,0.038764863,0.075274992,No,Disability_Status
86,0.041421088,0.02731759,0.062870601,No,Disability_Status
87,0.052630444,0.035978841,0.076400709,No,Disability_Status
88,0.039860746,0.027766604,0.056905618,No,Disability_Status
89,0.052076108,0.037483649,0.071938197,No,Disability_Status
90,0.047473164,0.032821825,0.068279483,No,Disability_Status
91,0.049011329,0.034439976,0.069429221,No,Disability_Status
92,0.042198421,0.028869257,0.061335058,No,Disability_Status
93,0.046623699,0.033482818,0.064577348,No,Disability_Status
94,0.031046007,0.019115244,0.050043431,No,Disability_Status
16,0.149103141,0.104527689,0.210166379,Female,Gender
17,0.162092004,0.119836297,0.215451025,Female,Gender
18,0.159308691,0.121558349,0.206846056,Female,Gender
19,0.161416795,0.120775711,0.215130131,Female,Gender
20,0.165005728,0.12539902,0.215468279,Female,Gender
21,0.16446831,0.126265816,0.212603099,Female,Gender
22,0.166793751,0.126676714,0.217644001,Female,Gender
23,0.167311188,0.127259022,0.218468478,Female,Gender
24,0.158095955,0.120328484,0.206373714,Female,Gender
25,0.155917066,0.120973604,0.200435103,Female,Gender
26,0.156272983,0.118642368,0.204653562,Female,Gender
27,0.147344899,0.111781044,0.193880643,Female,Gender
28,0.149616037,0.114639517,0.194324774,Female,Gender
29,0.149086427,0.113275338,0.195376304,Female,Gender
30,0.145902603,0.10965422,0.193579293,Female,Gender
31,0.139973133,0.106240323,0.183018826,Female,Gender
32,0.139889983,0.106457261,0.182843232,Female,Gender
33,0.135352868,0.102623717,0.177540458,Female,Gender
34,0.133503843,0.099925377,0.177129059,Female,Gender
35,0.127511694,0.095622501,0.16935441,Female,Gender
36,0.121761466,0.092245055,0.159992589,Female,Gender
37,0.129201979,0.096004524,0.173008441,Female,Gender
38,0.125311266,0.093712343,0.167182705,Female,Gender
39,0.125121481,0.092130425,0.168799555,Female,Gender
40,0.120199516,0.089999864,0.159685518,Female,Gender
41,0.114657765,0.084812457,0.154598176,Female,Gender
42,0.115887048,0.086798605,0.153962973,Female,Gender
43,0.109389826,0.081092298,0.147259629,Female,Gender
44,0.106427041,0.078434338,0.144810464,Female,Gender
45,0.110113332,0.081562486,0.148214373,Female,Gender
46,0.10761816,0.080614867,0.14321465,Female,Gender
47,0.105803715,0.078880851,0.141751915,Female,Gender
48,0.100203793,0.076182639,0.13181285,Female,Gender
49,0.098040766,0.073250241,0.131388313,Female,Gender
50,0.099670638,0.074858236,0.13304626,Female,Gender
51,0.095035125,0.069792035,0.129851501,Female,Gender
52,0.098537477,0.072395624,0.134076454,Female,Gender
53,0.093570043,0.068979359,0.127415101,Female,Gender
54,0.092236072,0.067939801,0.125075114,Female,Gender
55,0.084768229,0.062448105,0.115397877,Female,Gender
56,0.086866756,0.06289908,0.120148508,Female,Gender
57,0.084670094,0.061849563,0.116292992,Female,Gender
58,0.087483518,0.063338181,0.121222513,Female,Gender
59,0.085845706,0.061878308,0.119810141,Female,Gender
60,0.08359459,0.060508029,0.116089004,Female,Gender
61,0.0795104,0.05877676,0.107941533,Female,Gender
62,0.081021628,0.060073545,0.109646406,Female,Gender
63,0.08007874,0.058282322,0.110222753,Female,Gender
64,0.078576451,0.058036239,0.106313003,Female,Gender
65,0.079770838,0.058045984,0.109649689,Female,Gender
66,0.076205074,0.055827106,0.104746737,Female,Gender
67,0.071526676,0.05295648,0.096570554,Female,Gender
68,0.067455175,0.050186626,0.090657825,Female,Gender
69,0.070878508,0.0514908,0.098131134,Female,Gender
70,0.066003437,0.048165085,0.09053797,Female,Gender
71,0.067772043,0.047347035,0.097664487,Female,Gender
72,0.066584992,0.048226039,0.092081824,Female,Gender
73,0.065391474,0.047079269,0.09112166,Female,Gender
74,0.069138138,0.049525972,0.096745323,Female,Gender
75,0.060066971,0.043985784,0.082002496,Female,Gender
76,0.058576679,0.043014367,0.079968617,Female,Gender
77,0.060253837,0.043808011,0.082793694,Female,Gender
78,0.053792614,0.039590781,0.07309433,Female,Gender
79,0.046216719,0.033391374,0.063881404,Female,Gender
80,0.052560885,0.037374476,0.073613584,Female,Gender
81,0.046771771,0.032315081,0.068068723,Female,Gender
82,0.04751114,0.031912261,0.070883108,Female,Gender
83,0.04408588,0.028289041,0.068666073,Female,Gender
84,0.042172403,0.029258473,0.060683132,Female,Gender
85,0.039231111,0.027230459,0.056621953,Female,Gender
86,0.041107099,0.027888306,0.060439993,Female,Gender
87,0.03605965,0.024128891,0.053840947,Female,Gender
88,0.032186471,0.022418939,0.046013641,Female,Gender
89,0.049230505,0.035473745,0.067969335,Female,Gender
90,0.047473164,0.032821825,0.068279483,Female,Gender
91,0.049011329,0.034439976,0.069429221,Female,Gender
92,0.042198421,0.028869257,0.061335058,Female,Gender
93,0.046623699,0.033482818,0.064577348,Female,Gender
94,0.031046007,0.019115244,0.050043431,Female,Gender
15,0.099308563,0.058543028,0.163529861,Male,Gender
16,0.142870697,0.099761921,0.201780598,Male,Gender
17,0.188761666,0.138015294,0.254662881,Male,Gender
18,0.163937879,0.124351023,0.217748525,Male,Gender
19,0.18056239,0.140351895,0.229664533,Male,Gender
20,0.163523619,0.121138828,0.218161839,Male,Gender
21,0.175782302,0.131243346,0.23285422,Male,Gender
22,0.170788635,0.12478128,0.230984978,Male,Gender
23,0.172787942,0.132554813,0.223393219,Male,Gender
24,0.174231545,0.131553001,0.228453586,Male,Gender
25,0.17972109,0.140223009,0.227901206,Male,Gender
26,0.170760713,0.131828271,0.219611509,Male,Gender
27,0.164850317,0.12548182,0.215863943,Male,Gender
28,0.165797523,0.126737776,0.216243641,Male,Gender
29,0.158725078,0.118601316,0.210704271,Male,Gender
30,0.160418441,0.118858534,0.215334812,Male,Gender
31,0.157276636,0.11294743,0.217582213,Male,Gender
32,0.151404307,0.107145984,0.21254715,Male,Gender
33,0.15446212,0.112030637,0.211950564,Male,Gender
34,0.142626707,0.105251506,0.194246105,Male,Gender
35,0.141750316,0.102931714,0.195556248,Male,Gender
36,0.141058094,0.102747809,0.193523404,Male,Gender
37,0.139700347,0.101750283,0.191205271,Male,Gender
38,0.155055564,0.114482871,0.206349989,Male,Gender
39,0.143692301,0.100032835,0.203605664,Male,Gender
40,0.127469019,0.097665689,0.166378671,Male,Gender
41,0.112065217,0.084711544,0.14724284,Male,Gender
42,0.133183651,0.098655888,0.178623207,Male,Gender
43,0.126091655,0.090097664,0.174026381,Male,Gender
44,0.136897623,0.096284675,0.191206733,Male,Gender
45,0.134240757,0.095556333,0.186570771,Male,Gender
46,0.121411508,0.091335544,0.16121174,Male,Gender
47,0.133261247,0.09754112,0.181019301,Male,Gender
48,0.111751744,0.081735943,0.153389917,Male,Gender
49,0.113392956,0.083032589,0.155266857,Male,Gender
50,0.115766576,0.085343553,0.155205641,Male,Gender
51,0.113619412,0.082407332,0.156914496,Male,Gender
52,0.107597055,0.080151845,0.144991311,Male,Gender
53,0.107132048,0.07673992,0.149745144,Male,Gender
54,0.099751548,0.071830091,0.138485994,Male,Gender
55,0.10223123,0.074733303,0.138727391,Male,Gender
56,0.095327154,0.068623604,0.132866108,Male,Gender
57,0.094629194,0.067109279,0.133024926,Male,Gender
58,0.099176639,0.07287184,0.135361729,Male,Gender
59,0.093616457,0.065282978,0.133922548,Male,Gender
60,0.088739362,0.064360195,0.122464469,Male,Gender
61,0.084481911,0.061009003,0.117218985,Male,Gender
62,0.090831736,0.064983359,0.126445725,Male,Gender
63,0.086157257,0.059983073,0.124118408,Male,Gender
64,0.081722184,0.057339908,0.116912204,Male,Gender
65,0.079454289,0.056324938,0.112684288,Male,Gender
66,0.083073911,0.056786204,0.122330062,Male,Gender
67,0.085412795,0.061186958,0.119121402,Male,Gender
68,0.068075854,0.048176598,0.096490523,Male,Gender
69,0.069828941,0.049113441,0.100693788,Male,Gender
70,0.067305047,0.047393185,0.096326068,Male,Gender
71,0.074166604,0.053559629,0.103689989,Male,Gender
72,0.06806897,0.048438606,0.095730515,Male,Gender
73,0.079306811,0.055075726,0.114113777,Male,Gender
74,0.064920158,0.045134341,0.094516855,Male,Gender
75,0.073690975,0.054185901,0.099694257,Male,Gender
76,0.06935918,0.048546672,0.098551136,Male,Gender
77,0.065192458,0.045124175,0.094069212,Male,Gender
78,0.070054589,0.047754969,0.10288335,Male,Gender
79,0.070509995,0.051568993,0.095817191,Male,Gender
80,0.094947324,0.061573743,0.145127974,Male,Gender
81,0.056400577,0.038704812,0.08252043,Male,Gender
82,0.065449065,0.042505121,0.1001187,Male,Gender
83,0.060307659,0.04182122,0.087474064,Male,Gender
84,0.070010403,0.050120983,0.097077362,Male,Gender
85,0.061396682,0.043117687,0.087562544,Male,Gender
86,0.036929948,0.020408256,0.065510309,Male,Gender
87,0.055768219,0.036023966,0.087845068,Male,Gender
88,0.047535022,0.033114268,0.067797595,Male,Gender
89,0.04596367,0.026799695,0.083074615,Male,Gender
30,0.155826179,0.021790302,0.604684944,Trans,Gender
32,0.14842184,0.020614808,0.590697555,Trans,Gender
45,0.089110402,0.011521955,0.45086431,Trans,Gender
46,0.140593982,0.017724769,0.597288036,Trans,Gender
50,0.116884244,0.015735186,0.52284688,Trans,Gender
51,0.121312109,0.016196592,0.536559391,Trans,Gender
52,0.103678834,0.013803166,0.488740987,Trans,Gender
54,0.124172411,0.016676575,0.542382198,Trans,Gender
15,0.099308563,0.058543028,0.163529861,No,High_School_Grad
16,0.142156189,0.102961182,0.194240475,No,High_School_Grad
17,0.165624231,0.123185636,0.220156491,No,High_School_Grad
18,0.16142889,0.122900488,0.211734929,No,High_School_Grad
19,0.162279029,0.122534063,0.214132116,No,High_School_Grad
20,0.160584906,0.121955928,0.209922911,No,High_School_Grad
21,0.167441142,0.128361249,0.216649582,No,High_School_Grad
22,0.164773963,0.125237723,0.214999397,No,High_School_Grad
23,0.165809756,0.127113178,0.215053093,No,High_School_Grad
24,0.155961252,0.119410456,0.202462662,No,High_School_Grad
25,0.160655873,0.125647712,0.204628273,No,High_School_Grad
26,0.157635085,0.120809183,0.204614805,No,High_School_Grad
27,0.150646434,0.114843706,0.197366163,No,High_School_Grad
28,0.152311128,0.116721679,0.198129506,No,High_School_Grad
29,0.14891853,0.113182519,0.195045652,No,High_School_Grad
30,0.148590686,0.111215231,0.199614482,No,High_School_Grad
31,0.14505173,0.108956901,0.192013841,No,High_School_Grad
32,0.141566621,0.105634084,0.191079187,No,High_School_Grad
33,0.137112148,0.103337324,0.181403408,No,High_School_Grad
34,0.134062427,0.100665927,0.177916364,No,High_School_Grad
35,0.130864793,0.098080092,0.174409632,No,High_School_Grad
36,0.126198986,0.094798916,0.167860822,No,High_School_Grad
37,0.129241046,0.096389979,0.172786685,No,High_School_Grad
38,0.128681442,0.096269152,0.171396092,No,High_School_Grad
39,0.126631905,0.092655148,0.172140818,No,High_School_Grad
40,0.119398076,0.090137703,0.157625729,No,High_School_Grad
41,0.110967836,0.083006077,0.148085177,No,High_School_Grad
42,0.117479552,0.088044704,0.155995917,No,High_School_Grad
43,0.112860802,0.083168049,0.152368219,No,High_School_Grad
44,0.111903381,0.08130199,0.153373943,No,High_School_Grad
45,0.112387134,0.082399449,0.154917164,No,High_School_Grad
46,0.108965626,0.081431323,0.147645884,No,High_School_Grad
47,0.109511811,0.082411253,0.145298837,No,High_School_Grad
48,0.099802364,0.076349764,0.130697535,No,High_School_Grad
49,0.102579957,0.07656992,0.137748207,No,High_School_Grad
50,0.103922565,0.077497268,0.140748874,No,High_School_Grad
51,0.098913207,0.072374032,0.137171328,No,High_School_Grad
52,0.097614292,0.072730283,0.13298141,No,High_School_Grad
53,0.096347494,0.070582121,0.132143823,No,High_School_Grad
54,0.093476512,0.068454424,0.12935785,No,High_School_Grad
55,0.087474597,0.064921922,0.118096191,No,High_School_Grad
56,0.086368715,0.062603949,0.119705015,No,High_School_Grad
57,0.083725757,0.060920799,0.115558009,No,High_School_Grad
58,0.088562173,0.064767001,0.121817716,No,High_School_Grad
59,0.083454309,0.05958182,0.117440005,No,High_School_Grad
60,0.079072443,0.058423442,0.107399349,No,High_School_Grad
61,0.077783372,0.057115543,0.106314936,No,High_School_Grad
62,0.079643016,0.059059106,0.107602559,No,High_School_Grad
63,0.081136141,0.058034779,0.114065678,No,High_School_Grad
64,0.077772521,0.056621522,0.10706774,No,High_School_Grad
65,0.077768447,0.056479208,0.107613882,No,High_School_Grad
66,0.073174359,0.052147885,0.103721142,No,High_School_Grad
67,0.068555014,0.050706409,0.092813039,No,High_School_Grad
68,0.062506132,0.045935493,0.085460828,No,High_School_Grad
69,0.06770559,0.049692101,0.092784412,No,High_School_Grad
70,0.06349498,0.046183705,0.087627585,No,High_School_Grad
71,0.067896746,0.048001776,0.097066632,No,High_School_Grad
72,0.062375886,0.045741824,0.084992306,No,High_School_Grad
73,0.066036111,0.046763428,0.093465552,No,High_School_Grad
74,0.06473845,0.045327169,0.093286867,No,High_School_Grad
75,0.061924244,0.045538487,0.08416889,No,High_School_Grad
76,0.055504803,0.040397586,0.076672541,No,High_School_Grad
77,0.058453613,0.042690445,0.079936932,No,High_School_Grad
78,0.056823016,0.04176422,0.077175282,No,High_School_Grad
79,0.053797952,0.039364426,0.073314183,No,High_School_Grad
80,0.060376156,0.04041439,0.089785584,No,High_School_Grad
81,0.048955894,0.033361551,0.072310062,No,High_School_Grad
82,0.051443646,0.032510649,0.0811174,No,High_School_Grad
83,0.048899605,0.032276815,0.074397962,No,High_School_Grad
84,0.043050394,0.03108863,0.059345516,No,High_School_Grad
85,0.03817026,0.0261354,0.055913975,No,High_School_Grad
86,0.036595089,0.024608797,0.054421419,No,High_School_Grad
87,0.041111885,0.028541012,0.058990913,No,High_School_Grad
88,0.041488298,0.029095518,0.058816398,No,High_School_Grad
89,0.044551344,0.027081958,0.07716039,No,High_School_Grad
90,0.036267833,0.025275435,0.05195047,No,High_School_Grad
91,0.040275234,0.027667163,0.058406508,No,High_School_Grad
92,0.036442763,0.024615879,0.053695903,No,High_School_Grad
93,0.046623699,0.033482818,0.064577348,No,High_School_Grad
94,0.031046007,0.019115244,0.050043431,No,High_School_Grad
16,0.165140571,0.098062922,0.264638556,Yes,High_School_Grad
17,0.245811174,0.170781583,0.341712919,Yes,High_School_Grad
18,0.158178611,0.119741241,0.2060661,Yes,High_School_Grad
19,0.233129551,0.179416144,0.297251698,Yes,High_School_Grad
20,0.20791806,0.14684086,0.286856768,Yes,High_School_Grad
21,0.180197974,0.124697951,0.25449574,Yes,High_School_Grad
22,0.186773216,0.131131515,0.260531525,Yes,High_School_Grad
23,0.195377546,0.144276681,0.25971193,Yes,High_School_Grad
24,0.192936623,0.14190464,0.25869461,Yes,High_School_Grad
25,0.179586865,0.132235609,0.239673594,Yes,High_School_Grad
26,0.187114028,0.138120924,0.249886551,Yes,High_School_Grad
27,0.178055452,0.131311664,0.238663873,Yes,High_School_Grad
28,0.170572229,0.129738842,0.22140633,Yes,High_School_Grad
29,0.180440015,0.130600574,0.245730912,Yes,High_School_Grad
30,0.167675181,0.118483637,0.23443458,Yes,High_School_Grad
31,0.154551686,0.105642903,0.221739854,Yes,High_School_Grad
32,0.159425521,0.109241333,0.227518118,Yes,High_School_Grad
33,0.173254923,0.122610132,0.239734331,Yes,High_School_Grad
34,0.152019969,0.106628805,0.214454335,Yes,High_School_Grad
35,0.141602104,0.098708985,0.201563465,Yes,High_School_Grad
36,0.15013526,0.106163599,0.207565277,Yes,High_School_Grad
37,0.15240234,0.106217821,0.215196868,Yes,High_School_Grad
38,0.14759762,0.108257938,0.197651668,Yes,High_School_Grad
39,0.145731465,0.101594702,0.204425357,Yes,High_School_Grad
40,0.137347591,0.101061595,0.184916106,Yes,High_School_Grad
41,0.136656742,0.097723706,0.188332637,Yes,High_School_Grad
42,0.137223285,0.100669436,0.18554527,Yes,High_School_Grad
43,0.122253424,0.086974625,0.170217234,Yes,High_School_Grad
44,0.140432425,0.10069894,0.195041268,Yes,High_School_Grad
45,0.14011978,0.098803403,0.195028221,Yes,High_School_Grad
46,0.128290168,0.093807726,0.174231011,Yes,High_School_Grad
47,0.130904616,0.090693428,0.186767138,Yes,High_School_Grad
48,0.121580528,0.084187767,0.174061632,Yes,High_School_Grad
49,0.10482036,0.074450688,0.147045303,Yes,High_School_Grad
50,0.111073801,0.080041596,0.153166864,Yes,High_School_Grad
51,0.12267665,0.085536356,0.174985984,Yes,High_School_Grad
52,0.122941906,0.085164172,0.176296355,Yes,High_School_Grad
53,0.109494523,0.078019573,0.152797937,Yes,High_School_Grad
54,0.103366449,0.071884417,0.147015769,Yes,High_School_Grad
55,0.10667786,0.075350421,0.148709367,Yes,High_School_Grad
56,0.103885795,0.074248339,0.144519227,Yes,High_School_Grad
57,0.104369986,0.073625147,0.146674286,Yes,High_School_Grad
58,0.106368198,0.076194445,0.147337267,Yes,High_School_Grad
59,0.106648723,0.075131551,0.151051724,Yes,High_School_Grad
60,0.108773768,0.074514483,0.15878313,Yes,High_School_Grad
61,0.093729965,0.068356541,0.128719091,Yes,High_School_Grad
62,0.102959514,0.072258283,0.14603667,Yes,High_School_Grad
63,0.087012582,0.062156894,0.120998294,Yes,High_School_Grad
64,0.086469561,0.061465231,0.121651625,Yes,High_School_Grad
65,0.086076613,0.060268968,0.122236527,Yes,High_School_Grad
66,0.09146605,0.066446966,0.126259886,Yes,High_School_Grad
67,0.098448748,0.070266934,0.137332893,Yes,High_School_Grad
68,0.085835149,0.062234699,0.117577666,Yes,High_School_Grad
69,0.089531513,0.059391464,0.136060468,Yes,High_School_Grad
70,0.076388662,0.054014301,0.108181431,Yes,High_School_Grad
71,0.076390504,0.05350967,0.108749176,Yes,High_School_Grad
72,0.078173522,0.054236496,0.1130372,Yes,High_School_Grad
73,0.082101007,0.059632426,0.113231887,Yes,High_School_Grad
74,0.075186098,0.054931547,0.102586585,Yes,High_School_Grad
75,0.071603046,0.051994222,0.097933891,Yes,High_School_Grad
76,0.074217826,0.053294314,0.102595549,Yes,High_School_Grad
77,0.080479971,0.052514912,0.122454998,Yes,High_School_Grad
78,0.075575079,0.047048877,0.120836967,Yes,High_School_Grad
79,0.059619683,0.042218881,0.083634702,Yes,High_School_Grad
80,0.071028641,0.051168331,0.097947061,Yes,High_School_Grad
81,0.065763053,0.047335366,0.090793044,Yes,High_School_Grad
82,0.065545724,0.045665165,0.093391211,Yes,High_School_Grad
83,0.058487785,0.040369869,0.085002326,Yes,High_School_Grad
84,0.063564812,0.044118323,0.091136132,Yes,High_School_Grad
85,0.069590202,0.049827141,0.097067637,Yes,High_School_Grad
86,0.06433687,0.035884766,0.112710644,Yes,High_School_Grad
87,0.055518034,0.033147261,0.094547196,Yes,High_School_Grad
88,0.034978091,0.02377986,0.051173277,Yes,High_School_Grad
89,0.052673326,0.037894658,0.072791283,Yes,High_School_Grad
90,0.06428116,0.04414141,0.092773003,Yes,High_School_Grad
91,0.075219616,0.054758417,0.102497359,Yes,High_School_Grad
92,0.053709737,0.037376015,0.076613369,Yes,High_School_Grad
15,0.099308563,0.058543028,0.163529861,None,None
16,0.145986919,0.102144805,0.205973489,None,None
17,0.176315824,0.129531762,0.236364015,None,None
18,0.161257823,0.122734212,0.211436569,None,None
19,0.166270608,0.125738687,0.218814909,None,None
20,0.164529336,0.124029673,0.216334066,None,None
21,0.16852427,0.128050214,0.219862935,None,None
22,0.168003211,0.126102867,0.221683012,None,None
23,0.169188932,0.129074721,0.22015696,None,None
24,0.162456925,0.123362137,0.212341247,None,None
25,0.162483693,0.126283785,0.208011959,None,None
26,0.160506411,0.122495392,0.209024391,None,None
27,0.153278939,0.116425375,0.201332609,None,None
28,0.154239319,0.118096162,0.200587307,None,None
29,0.152514941,0.115169814,0.200828534,None,None
30,0.150486497,0.111937258,0.203073432,None,None
31,0.146067448,0.108602574,0.195192094,None,None
32,0.143814594,0.106088144,0.195665906,None,None
33,0.140832727,0.10532129,0.187408062,None,None
34,0.135708535,0.101212525,0.181265678,None,None
35,0.132483911,0.098174925,0.178504258,None,None
36,0.128193675,0.095745973,0.171169527,None,None
37,0.132201512,0.09764617,0.178207535,None,None
38,0.131834138,0.098267283,0.175772022,None,None
39,0.129407055,0.093954058,0.176831734,None,None
40,0.121602402,0.091479234,0.160977179,None,None
41,0.114081643,0.084790032,0.152963657,None,None
42,0.120828935,0.0901864,0.161008754,None,None
43,0.1143861,0.083786211,0.155266777,None,None
44,0.115522737,0.083762797,0.158660096,None,None
45,0.116168859,0.084636352,0.160386853,None,None
46,0.111803496,0.083248837,0.151549994,None,None
47,0.11296655,0.083748747,0.151995581,None,None
48,0.102779235,0.077421146,0.136625002,None,None
49,0.102849886,0.076314591,0.138868339,None,None
50,0.104913399,0.077849795,0.142469439,None,None
51,0.101685609,0.073909637,0.141583038,None,None
52,0.101733844,0.074752662,0.140026612,None,None
53,0.09840838,0.071747992,0.135381495,None,None
54,0.095011158,0.068986664,0.132097872,None,None
55,0.091026646,0.066850893,0.123758743,None,None
56,0.089891703,0.064945837,0.124695583,None,None
57,0.088653734,0.06395345,0.122985766,None,None
58,0.091727688,0.066798546,0.126354525,None,None
59,0.088830498,0.063186062,0.125230801,None,None
60,0.085359585,0.061829575,0.118276208,None,None
61,0.081244648,0.059555449,0.111177853,None,None
62,0.08458894,0.061858932,0.115755249,None,None
63,0.082424835,0.058938752,0.115585989,None,None
64,0.079818883,0.057761218,0.110499242,None,None
65,0.079639655,0.057332757,0.110907271,None,None
66,0.078245323,0.056111987,0.109969507,None,None
67,0.076486004,0.055895936,0.104624429,None,None
68,0.067656694,0.049534019,0.092551558,None,None
69,0.070665037,0.051007269,0.098652352,None,None
70,0.066384943,0.047938839,0.092234482,None,None
71,0.06954831,0.049072756,0.099338238,None,None
72,0.067144983,0.048306253,0.093458689,None,None
73,0.069067224,0.049191541,0.097195049,None,None
74,0.067872744,0.048208482,0.096076783,None,None
75,0.063909639,0.04686274,0.08699248,None,None
76,0.061414179,0.044470237,0.084858754,None,None
77,0.062006251,0.044275037,0.086794685,None,None
78,0.059783868,0.04259864,0.084069232,None,None
79,0.054962298,0.039935317,0.075378287,None,None
80,0.063618216,0.043687329,0.092269512,None,None
81,0.051356917,0.03535781,0.074950488,None,None
82,0.056480103,0.037208691,0.085500904,None,None
83,0.051719658,0.034657125,0.077516892,None,None
84,0.053307603,0.037603477,0.075240824,None,None
85,0.047147387,0.032904469,0.067672164,None,None
86,0.040062811,0.026018293,0.061707572,None,None
87,0.045913935,0.030076429,0.070843008,None,None
88,0.039860746,0.027766604,0.056905618,None,None
89,0.047597088,0.03113672,0.075521975,None,None
90,0.047473164,0.032821825,0.068279483,None,None
91,0.049011329,0.034439976,0.069429221,None,None
92,0.042198421,0.028869257,0.061335058,None,None
93,0.046623699,0.033482818,0.064577348,None,None
94,0.031046007,0.019115244,0.050043431,None,None
15,0.099308563,0.058543028,0.163529861,No Change,Relationship_Status
16,0.145986919,0.102144805,0.205973489,No Change,Relationship_Status
17,0.176315824,0.129531762,0.236364015,No Change,Relationship_Status
18,0.161257823,0.122734212,0.211436569,No Change,Relationship_Status
19,0.166270608,0.125738687,0.218814909,No Change,Relationship_Status
20,0.164529336,0.124029673,0.216334066,No Change,Relationship_Status
21,0.16852427,0.128050214,0.219862935,No Change,Relationship_Status
22,0.167982347,0.126450875,0.220935357,No Change,Relationship_Status
23,0.169188932,0.129074721,0.22015696,No Change,Relationship_Status
24,0.16122854,0.123282228,0.209328211,No Change,Relationship_Status
25,0.162201709,0.12643391,0.206976296,No Change,Relationship_Status
26,0.159763968,0.123030528,0.206046432,No Change,Relationship_Status
27,0.153210918,0.117072086,0.199844561,No Change,Relationship_Status
28,0.154044708,0.118219922,0.199828142,No Change,Relationship_Status
29,0.149324017,0.114394048,0.194043436,No Change,Relationship_Status
30,0.149590541,0.111562816,0.201494706,No Change,Relationship_Status
31,0.144898223,0.108075905,0.193216796,No Change,Relationship_Status
32,0.141946288,0.105763919,0.19145463,No Change,Relationship_Status
33,0.140145133,0.105139713,0.18595272,No Change,Relationship_Status
34,0.133192563,0.100359326,0.176328276,No Change,Relationship_Status
35,0.130821526,0.097584301,0.175276172,No Change,Relationship_Status
36,0.126612324,0.095395599,0.167673014,No Change,Relationship_Status
37,0.128336828,0.096091824,0.171050415,No Change,Relationship_Status
38,0.127237884,0.096742609,0.166699647,No Change,Relationship_Status
39,0.122295502,0.091041425,0.163781313,No Change,Relationship_Status
40,0.120760102,0.091217811,0.159238033,No Change,Relationship_Status
41,0.11253041,0.084201959,0.150015822,No Change,Relationship_Status
42,0.118488106,0.089465418,0.156175831,No Change,Relationship_Status
43,0.1143861,0.083786211,0.155266777,No Change,Relationship_Status
44,0.114494449,0.083265681,0.156902906,No Change,Relationship_Status
45,0.112054484,0.082750799,0.153201123,No Change,Relationship_Status
46,0.111803496,0.083248837,0.151549994,No Change,Relationship_Status
47,0.108152297,0.081918273,0.142706648,No Change,Relationship_Status
48,0.101316046,0.076843569,0.133835882,No Change,Relationship_Status
49,0.101416505,0.076196026,0.135101886,No Change,Relationship_Status
50,0.104913399,0.077849795,0.142469439,No Change,Relationship_Status
51,0.101340596,0.073843673,0.140757562,No Change,Relationship_Status
52,0.099402815,0.074059724,0.135045444,No Change,Relationship_Status
53,0.096742641,0.071314554,0.131625976,No Change,Relationship_Status
54,0.092888159,0.067987273,0.128363684,No Change,Relationship_Status
55,0.088006268,0.065510955,0.118300065,No Change,Relationship_Status
56,0.088009217,0.064441187,0.12045746,No Change,Relationship_Status
57,0.086148554,0.062890253,0.118291091,No Change,Relationship_Status
58,0.089503473,0.065867037,0.122163003,No Change,Relationship_Status
59,0.086322877,0.062563477,0.119459833,No Change,Relationship_Status
60,0.084192807,0.061217183,0.116348837,No Change,Relationship_Status
61,0.080632866,0.059626584,0.109223451,No Change,Relationship_Status
62,0.084014456,0.061978249,0.113819919,No Change,Relationship_Status
63,0.081274408,0.059057181,0.111774218,No Change,Relationship_Status
64,0.07901124,0.057439359,0.108905299,No Change,Relationship_Status
65,0.078234202,0.056796778,0.108065516,No Change,Relationship_Status
66,0.078066831,0.056184183,0.109266887,No Change,Relationship_Status
67,0.075421087,0.055618285,0.102150545,No Change,Relationship_Status
68,0.067588188,0.049889699,0.091502106,No Change,Relationship_Status
69,0.06924414,0.050439699,0.095821261,No Change,Relationship_Status
70,0.066384943,0.047938839,0.092234482,No Change,Relationship_Status
71,0.068343512,0.048610291,0.096876356,No Change,Relationship_Status
72,0.065763828,0.048165237,0.089594077,No Change,Relationship_Status
73,0.066480946,0.048235494,0.091821279,No Change,Relationship_Status
74,0.067872744,0.048208482,0.096076783,No Change,Relationship_Status
75,0.063909639,0.04686274,0.08699248,No Change,Relationship_Status
76,0.061414179,0.044470237,0.084858754,No Change,Relationship_Status
77,0.059728743,0.043461347,0.081906617,No Change,Relationship_Status
78,0.057950642,0.042289457,0.079223376,No Change,Relationship_Status
79,0.054962298,0.039935317,0.075378287,No Change,Relationship_Status
80,0.057118878,0.04108687,0.079052406,No Change,Relationship_Status
81,0.049258332,0.034678376,0.070161526,No Change,Relationship_Status
82,0.050186934,0.034339421,0.073433749,No Change,Relationship_Status
83,0.051719658,0.034657125,0.077516892,No Change,Relationship_Status
84,0.053307603,0.037603477,0.075240824,No Change,Relationship_Status
85,0.047147387,0.032904469,0.067672164,No Change,Relationship_Status
86,0.040062811,0.026018293,0.061707572,No Change,Relationship_Status
87,0.045913935,0.030076429,0.070843008,No Change,Relationship_Status
88,0.039860746,0.027766604,0.056905618,No Change,Relationship_Status
89,0.047597088,0.03113672,0.075521975,No Change,Relationship_Status
90,0.047473164,0.032821825,0.068279483,No Change,Relationship_Status
91,0.049011329,0.034439976,0.069429221,No Change,Relationship_Status
92,0.042198421,0.028869257,0.061335058,No Change,Relationship_Status
93,0.046623699,0.033482818,0.064577348,No Change,Relationship_Status
94,0.031046007,0.019115244,0.050043431,No Change,Relationship_Status
26,0.213430615,0.111045762,0.370835327,Got Divorced,Relationship_Status
29,0.311578879,0.185458553,0.473598942,Got Divorced,Relationship_Status
30,0.284879827,0.168103655,0.439882417,Got Divorced,Relationship_Status
31,0.330805105,0.191816359,0.507289227,Got Divorced,Relationship_Status
33,0.23365794,0.12983419,0.383879195,Got Divorced,Relationship_Status
34,0.233831437,0.134487257,0.373824368,Got Divorced,Relationship_Status
36,0.28682239,0.166774952,0.446931585,Got Divorced,Relationship_Status
37,0.266518887,0.158598337,0.411908801,Got Divorced,Relationship_Status
38,0.289669823,0.16768743,0.450858775,Got Divorced,Relationship_Status
39,0.268576881,0.153325642,0.426811396,Got Divorced,Relationship_Status
42,0.292450889,0.171441572,0.452252011,Got Divorced,Relationship_Status
44,0.252285056,0.149879225,0.392366451,Got Divorced,Relationship_Status
45,0.259237933,0.152987556,0.404080076,Got Divorced,Relationship_Status
47,0.259740648,0.15113608,0.408339005,Got Divorced,Relationship_Status
48,0.263433503,0.155911147,0.409163234,Got Divorced,Relationship_Status
49,0.170319555,0.092878159,0.291913873,Got Divorced,Relationship_Status
52,0.196196207,0.110496625,0.324439827,Got Divorced,Relationship_Status
53,0.183938531,0.092838804,0.331372707,Got Divorced,Relationship_Status
54,0.225588172,0.133354675,0.355108993,Got Divorced,Relationship_Status
55,0.259534315,0.151620124,0.402467643,Got Divorced,Relationship_Status
56,0.204208243,0.11746793,0.33097806,Got Divorced,Relationship_Status
57,0.308570154,0.187839306,0.462691083,Got Divorced,Relationship_Status
58,0.189593164,0.107784971,0.31078149,Got Divorced,Relationship_Status
59,0.15586096,0.085097688,0.26660629,Got Divorced,Relationship_Status
60,0.244041307,0.145114832,0.380398606,Got Divorced,Relationship_Status
61,0.11902736,0.064573988,0.209141063,Got Divorced,Relationship_Status
62,0.169264689,0.088871036,0.298553203,Got Divorced,Relationship_Status
63,0.136829131,0.062701786,0.276015915,Got Divorced,Relationship_Status
64,0.175120789,0.095740553,0.298584461,Got Divorced,Relationship_Status
65,0.156236853,0.086543642,0.265782893,Got Divorced,Relationship_Status
71,0.155089005,0.081907711,0.2741318,Got Divorced,Relationship_Status
73,0.174229637,0.097117363,0.292719468,Got Divorced,Relationship_Status
80,0.174336305,0.09574832,0.296292009,Got Divorced,Relationship_Status
82,0.138291299,0.074509202,0.242373911,Got Divorced,Relationship_Status
22,0.170256568,0.088517995,0.302429785,Got Married,Relationship_Status
24,0.221828864,0.127224399,0.357971306,Got Married,Relationship_Status
25,0.203089439,0.104665736,0.357147454,Got Married,Relationship_Status
26,0.179987159,0.099555095,0.303985382,Got Married,Relationship_Status
27,0.157224161,0.078916124,0.287639415,Got Married,Relationship_Status
28,0.185377007,0.098294634,0.322053826,Got Married,Relationship_Status
29,0.227622203,0.125525196,0.376899451,Got Married,Relationship_Status
32,0.231002222,0.121218637,0.392192114,Got Married,Relationship_Status
35,0.235551767,0.134793635,0.378645615,Got Married,Relationship_Status
36,0.150876489,0.082830593,0.258813579,Got Married,Relationship_Status
37,0.227793687,0.115300266,0.400372258,Got Married,Relationship_Status
38,0.145576482,0.077231824,0.257586298,Got Married,Relationship_Status
39,0.222940281,0.120398446,0.375530186,Got Married,Relationship_Status
40,0.21678227,0.121020051,0.357500647,Got Married,Relationship_Status
41,0.266102481,0.142421183,0.441851439,Got Married,Relationship_Status
42,0.162593149,0.088852309,0.278781432,Got Married,Relationship_Status
45,0.213601582,0.120933503,0.349080739,Got Married,Relationship_Status
47,0.16439937,0.08786334,0.287036279,Got Married,Relationship_Status
48,0.142581967,0.078059186,0.246196192,Got Married,Relationship_Status
49,0.117032543,0.061013772,0.212499542,Got Married,Relationship_Status
51,0.163442851,0.085717146,0.289343267,Got Married,Relationship_Status
52,0.163857472,0.088111048,0.284407192,Got Married,Relationship_Status
53,0.163627621,0.089883281,0.279264695,Got Married,Relationship_Status
54,0.196889847,0.111146552,0.324621767,Got Married,Relationship_Status
55,0.177740912,0.095306404,0.306308168,Got Married,Relationship_Status
56,0.132162409,0.071902306,0.230078146,Got Married,Relationship_Status
57,0.141442316,0.076172388,0.246049298,Got Married,Relationship_Status
59,0.119822351,0.063854662,0.213736569,Got Married,Relationship_Status
61,0.082763724,0.040555359,0.161506179,Got Married,Relationship_Status
62,0.079305279,0.040656887,0.149185113,Got Married,Relationship_Status
63,0.091294021,0.048662146,0.164803467,Got Married,Relationship_Status
66,0.096094516,0.048892401,0.180231493,Got Married,Relationship_Status
67,0.127602044,0.069223199,0.223370828,Got Married,Relationship_Status
68,0.070225672,0.036196038,0.131906022,Got Married,Relationship_Status
69,0.15307709,0.08392635,0.26285561,Got Married,Relationship_Status
72,0.10236444,0.051902156,0.192006282,Got Married,Relationship_Status
73,0.095804977,0.050024116,0.175732889,Got Married,Relationship_Status
77,0.130331499,0.068685718,0.233436705,Got Married,Relationship_Status
78,0.09278193,0.04816393,0.171294652,Got Married,Relationship_Status
80,0.089386246,0.046235974,0.165806231,Got Married,Relationship_Status
81,0.093328598,0.04894649,0.170729728,Got Married,Relationship_Status
15,0.099308563,0.058543028,0.163529861,No Change,Dependent_Status
16,0.145986919,0.102144805,0.205973489,No Change,Dependent_Status
17,0.176315824,0.129531762,0.236364015,No Change,Dependent_Status
18,0.161257823,0.122734212,0.211436569,No Change,Dependent_Status
19,0.166557689,0.127608588,0.215997902,No Change,Dependent_Status
20,0.163454984,0.123908719,0.21392386,No Change,Dependent_Status
21,0.166539127,0.127202407,0.216363582,No Change,Dependent_Status
22,0.168293347,0.127964684,0.219379823,No Change,Dependent_Status
23,0.166441515,0.128059457,0.215122831,No Change,Dependent_Status
24,0.161091489,0.123170945,0.209368831,No Change,Dependent_Status
25,0.159143087,0.125212938,0.201392261,No Change,Dependent_Status
26,0.157999378,0.121552362,0.204493373,No Change,Dependent_Status
27,0.153020581,0.117073698,0.199823977,No Change,Dependent_Status
28,0.153861368,0.118822108,0.198442558,No Change,Dependent_Status
29,0.150270053,0.116067626,0.193736935,No Change,Dependent_Status
30,0.148762199,0.111536595,0.200002367,No Change,Dependent_Status
31,0.143232954,0.107710207,0.189714088,No Change,Dependent_Status
32,0.141821874,0.105722858,0.191707222,No Change,Dependent_Status
33,0.139013009,0.105613318,0.182440416,No Change,Dependent_Status
34,0.132566737,0.100344975,0.175095529,No Change,Dependent_Status
35,0.130343946,0.097960551,0.173317713,No Change,Dependent_Status
36,0.130267409,0.098312703,0.172305877,No Change,Dependent_Status
37,0.132951491,0.099391084,0.177226157,No Change,Dependent_Status
38,0.131357137,0.099073223,0.173204365,No Change,Dependent_Status
39,0.123838403,0.092123266,0.165876963,No Change,Dependent_Status
40,0.119812305,0.09230084,0.155010281,No Change,Dependent_Status
41,0.110708891,0.083206685,0.147133087,No Change,Dependent_Status
42,0.119385038,0.09103151,0.155955507,No Change,Dependent_Status
43,0.113176059,0.084118277,0.151403806,No Change,Dependent_Status
44,0.113562802,0.084664652,0.151323768,No Change,Dependent_Status
45,0.114150144,0.08437592,0.156020057,No Change,Dependent_Status
46,0.110898475,0.083525832,0.149169486,No Change,Dependent_Status
47,0.111838548,0.084330905,0.14788284,No Change,Dependent_Status
48,0.102120739,0.078172784,0.133663128,No Change,Dependent_Status
49,0.101054731,0.075884367,0.135070834,No Change,Dependent_Status
50,0.104413511,0.077973251,0.141247346,No Change,Dependent_Status
51,0.099325341,0.073628857,0.134656044,No Change,Dependent_Status
52,0.098488691,0.073502251,0.133929896,No Change,Dependent_Status
53,0.096172304,0.071315597,0.130014289,No Change,Dependent_Status
54,0.09446454,0.069617051,0.128225238,No Change,Dependent_Status
55,0.089082461,0.066776458,0.118978841,No Change,Dependent_Status
56,0.089564845,0.065371494,0.12301568,No Change,Dependent_Status
57,0.086782591,0.063201733,0.119481003,No Change,Dependent_Status
58,0.093278262,0.068960325,0.126344285,No Change,Dependent_Status
59,0.087770411,0.063146618,0.122621996,No Change,Dependent_Status
60,0.085641749,0.062344401,0.118151019,No Change,Dependent_Status
61,0.080013966,0.059080416,0.108815951,No Change,Dependent_Status
62,0.083885095,0.061689942,0.114233635,No Change,Dependent_Status
63,0.081787926,0.058661567,0.114484814,No Change,Dependent_Status
64,0.080073547,0.058195868,0.110423098,No Change,Dependent_Status
65,0.079044622,0.057367413,0.109259749,No Change,Dependent_Status
66,0.077978923,0.056310211,0.108756479,No Change,Dependent_Status
67,0.07584794,0.055638069,0.103403657,No Change,Dependent_Status
68,0.067788466,0.049666605,0.092670935,No Change,Dependent_Status
69,0.070180605,0.050711865,0.097921165,No Change,Dependent_Status
70,0.065779568,0.047527807,0.091398179,No Change,Dependent_Status
71,0.06820864,0.049003208,0.09543982,No Change,Dependent_Status
72,0.066030899,0.048093012,0.090647757,No Change,Dependent_Status
73,0.069067224,0.049191541,0.097195049,No Change,Dependent_Status
74,0.068260499,0.048563624,0.096484623,No Change,Dependent_Status
75,0.065245904,0.047951159,0.088465797,No Change,Dependent_Status
76,0.061414179,0.044470237,0.084858754,No Change,Dependent_Status
77,0.062031193,0.044376901,0.086683737,No Change,Dependent_Status
78,0.059783868,0.04259864,0.084069232,No Change,Dependent_Status
79,0.054962298,0.039935317,0.075378287,No Change,Dependent_Status
80,0.064541004,0.044400321,0.093443741,No Change,Dependent_Status
81,0.051570143,0.035580892,0.075140239,No Change,Dependent_Status
82,0.056480103,0.037208691,0.085500904,No Change,Dependent_Status
83,0.051719658,0.034657125,0.077516892,No Change,Dependent_Status
84,0.053307603,0.037603477,0.075240824,No Change,Dependent_Status
85,0.047147387,0.032904469,0.067672164,No Change,Dependent_Status
86,0.040062811,0.026018293,0.061707572,No Change,Dependent_Status
87,0.045913935,0.030076429,0.070843008,No Change,Dependent_Status
88,0.039860746,0.027766604,0.056905618,No Change,Dependent_Status
89,0.047597088,0.03113672,0.075521975,No Change,Dependent_Status
90,0.042894792,0.030033438,0.061020636,No Change,Dependent_Status
91,0.049011329,0.034439976,0.069429221,No Change,Dependent_Status
92,0.042198421,0.028869257,0.061335058,No Change,Dependent_Status
93,0.046623699,0.033482818,0.064577348,No Change,Dependent_Status
94,0.031046007,0.019115244,0.050043431,No Change,Dependent_Status
19,0.176323961,0.125369099,0.242223008,Empty Nester,Dependent_Status
20,0.107434857,0.070584661,0.160069681,Empty Nester,Dependent_Status
21,0.155287419,0.107647141,0.218848094,Empty Nester,Dependent_Status
22,0.180603614,0.117338247,0.269821581,Empty Nester,Dependent_Status
23,0.191090462,0.142100376,0.251990896,Empty Nester,Dependent_Status
24,0.192220013,0.134443096,0.267376688,Empty Nester,Dependent_Status
25,0.164192037,0.110669166,0.243101137,Empty Nester,Dependent_Status
26,0.168655076,0.119925346,0.232069456,Empty Nester,Dependent_Status
27,0.154908514,0.110207014,0.214472048,Empty Nester,Dependent_Status
28,0.116247397,0.079967676,0.166300253,Empty Nester,Dependent_Status
29,0.159335046,0.10296082,0.239772951,Empty Nester,Dependent_Status
30,0.138651699,0.097029618,0.194461663,Empty Nester,Dependent_Status
31,0.209400832,0.136195501,0.304305417,Empty Nester,Dependent_Status
32,0.138055698,0.096042624,0.194412488,Empty Nester,Dependent_Status
33,0.143320738,0.100607236,0.200346797,Empty Nester,Dependent_Status
34,0.146933407,0.102768204,0.205627577,Empty Nester,Dependent_Status
35,0.14899789,0.103127372,0.211846384,Empty Nester,Dependent_Status
36,0.126150465,0.088709393,0.176920491,Empty Nester,Dependent_Status
37,0.107907127,0.071792761,0.160093625,Empty Nester,Dependent_Status
38,0.129356608,0.085819382,0.191868912,Empty Nester,Dependent_Status
39,0.154227453,0.098950656,0.231740423,Empty Nester,Dependent_Status
40,0.129439949,0.090418688,0.181976412,Empty Nester,Dependent_Status
41,0.117798103,0.082479082,0.165833061,Empty Nester,Dependent_Status
42,0.140693886,0.095092994,0.202912277,Empty Nester,Dependent_Status
43,0.119356629,0.083607978,0.167726007,Empty Nester,Dependent_Status
44,0.119505448,0.076498158,0.185117059,Empty Nester,Dependent_Status
45,0.128103412,0.087959927,0.183488317,Empty Nester,Dependent_Status
46,0.112023714,0.078663461,0.157906524,Empty Nester,Dependent_Status
47,0.111762378,0.077545213,0.159308167,Empty Nester,Dependent_Status
48,0.109889166,0.076019986,0.156920415,Empty Nester,Dependent_Status
49,0.10833972,0.075907798,0.152982958,Empty Nester,Dependent_Status
50,0.101983809,0.071973677,0.142653925,Empty Nester,Dependent_Status
51,0.108582516,0.067438448,0.184837797,Empty Nester,Dependent_Status
52,0.127788773,0.087355707,0.184351469,Empty Nester,Dependent_Status
53,0.117083357,0.077626348,0.17377754,Empty Nester,Dependent_Status
54,0.106434283,0.073280619,0.152950614,Empty Nester,Dependent_Status
55,0.112241968,0.073412516,0.165873193,Empty Nester,Dependent_Status
56,0.094339368,0.06242125,0.141758585,Empty Nester,Dependent_Status
57,0.100826556,0.069518198,0.144120033,Empty Nester,Dependent_Status
58,0.078209601,0.050836848,0.119798911,Empty Nester,Dependent_Status
59,0.101046114,0.065766764,0.151816118,Empty Nester,Dependent_Status
60,0.072554753,0.048803747,0.107654849,Empty Nester,Dependent_Status
61,0.09450624,0.064130652,0.137367634,Empty Nester,Dependent_Status
62,0.105227703,0.071298042,0.152319186,Empty Nester,Dependent_Status
63,0.077023546,0.052208307,0.112334888,Empty Nester,Dependent_Status
64,0.074656672,0.051155949,0.108098483,Empty Nester,Dependent_Status
65,0.077665193,0.051665398,0.115163625,Empty Nester,Dependent_Status
66,0.086208269,0.04613225,0.155426292,Empty Nester,Dependent_Status
67,0.08942744,0.058890817,0.133401846,Empty Nester,Dependent_Status
68,0.057642066,0.03945748,0.083478952,Empty Nester,Dependent_Status
69,0.098762086,0.068140708,0.141061185,Empty Nester,Dependent_Status
70,0.083335466,0.059447729,0.115650951,Empty Nester,Dependent_Status
71,0.066831279,0.045941572,0.096261196,Empty Nester,Dependent_Status
72,0.097646616,0.056864436,0.165216548,Empty Nester,Dependent_Status
75,0.013131554,0.005502836,0.031006414,Empty Nester,Dependent_Status
81,0.047092387,0.030896182,0.071155474,Empty Nester,Dependent_Status
90,0.06578665,0.043975376,0.097314872,Empty Nester,Dependent_Status
19,0.156578862,0.095537593,0.252887231,Had Child,Dependent_Status
20,0.214026434,0.153110778,0.291465273,Had Child,Dependent_Status
21,0.205360552,0.148698747,0.277357311,Had Child,Dependent_Status
22,0.157940446,0.111319584,0.219250805,Had Child,Dependent_Status
23,0.187154281,0.134727079,0.254734424,Had Child,Dependent_Status
24,0.169710435,0.121305148,0.232467289,Had Child,Dependent_Status
25,0.200883372,0.145939449,0.269693328,Had Child,Dependent_Status
26,0.184845117,0.134468088,0.248853395,Had Child,Dependent_Status
27,0.155747549,0.110838952,0.214712242,Had Child,Dependent_Status
28,0.175572858,0.118782854,0.253659004,Had Child,Dependent_Status
29,0.167130276,0.115013436,0.23655854,Had Child,Dependent_Status
30,0.173859585,0.125183947,0.236687883,Had Child,Dependent_Status
31,0.156519599,0.109706291,0.219188212,Had Child,Dependent_Status
32,0.165769738,0.114953437,0.233796063,Had Child,Dependent_Status
33,0.156764668,0.105641058,0.226802817,Had Child,Dependent_Status
34,0.158774976,0.108816983,0.224711682,Had Child,Dependent_Status
35,0.150411296,0.095573319,0.230863594,Had Child,Dependent_Status
36,0.10837675,0.074496162,0.155313596,Had Child,Dependent_Status
37,0.144374407,0.100873926,0.203109441,Had Child,Dependent_Status
38,0.136888913,0.098043719,0.188264829,Had Child,Dependent_Status
39,0.15556367,0.1060334,0.221597979,Had Child,Dependent_Status
40,0.130879717,0.08341618,0.199589382,Had Child,Dependent_Status
41,0.151320024,0.106327338,0.210894022,Had Child,Dependent_Status
42,0.111309382,0.075550543,0.161448747,Had Child,Dependent_Status
43,0.124185412,0.07777677,0.196095169,Had Child,Dependent_Status
44,0.134951521,0.089566764,0.20003741,Had Child,Dependent_Status
45,0.120003094,0.07906568,0.177911402,Had Child,Dependent_Status
46,0.12681479,0.088981204,0.177829483,Had Child,Dependent_Status
47,0.14841918,0.088656777,0.241467005,Had Child,Dependent_Status
48,0.091987676,0.061202756,0.137744769,Had Child,Dependent_Status
49,0.11846982,0.082986253,0.167658804,Had Child,Dependent_Status
50,0.133662835,0.093848314,0.187041176,Had Child,Dependent_Status
51,0.130073489,0.090249628,0.183983913,Had Child,Dependent_Status
52,0.121875489,0.078668096,0.184804403,Had Child,Dependent_Status
53,0.114254693,0.071789374,0.181989186,Had Child,Dependent_Status
54,0.089611989,0.054252046,0.165938609,Had Child,Dependent_Status
55,0.090428118,0.057884494,0.137912416,Had Child,Dependent_Status
56,0.086287281,0.057386789,0.127905462,Had Child,Dependent_Status
57,0.116395157,0.07419912,0.177168677,Had Child,Dependent_Status
58,0.083777078,0.044174187,0.152986565,Had Child,Dependent_Status
59,0.048707993,0.029800402,0.078639599,Had Child,Dependent_Status
60,0.102151622,0.071792914,0.143431074,Had Child,Dependent_Status
61,0.10158811,0.06808746,0.149297699,Had Child,Dependent_Status
62,0.076982367,0.048823021,0.119446308,Had Child,Dependent_Status
63,0.104704209,0.07301459,0.148018217,Had Child,Dependent_Status
64,0.078463261,0.049933973,0.120765196,Had Child,Dependent_Status
65,0.102900113,0.063687856,0.162346224,Had Child,Dependent_Status
66,0.087317439,0.051388857,0.146679443,Had Child,Dependent_Status
67,0.111219218,0.074403514,0.163042874,Had Child,Dependent_Status
71,0.100819832,0.051692885,0.188728047,Had Child,Dependent_Status
72,0.061845937,0.041851951,0.090489588,Had Child,Dependent_Status
74,0.052750322,0.034357951,0.080171001,Had Child,Dependent_Status
77,0.061257985,0.04121912,0.090123113,Had Child,Dependent_Status
80,0.043316881,0.028001489,0.06643646,Had Child,Dependent_Status
15,0.099308563,0.058543028,0.163529861,Asian,Race
16,0.129178132,0.086419916,0.190005784,Asian,Race
17,0.195889564,0.144266064,0.260365276,Asian,Race
18,0.158023161,0.11255005,0.217896673,Asian,Race
19,0.132487759,0.090897676,0.190041041,Asian,Race
20,0.156573196,0.109716595,0.218691083,Asian,Race
21,0.152922499,0.108232844,0.211864368,Asian,Race
22,0.153479173,0.10894847,0.211844735,Asian,Race
23,0.163391076,0.115503718,0.226943747,Asian,Race
24,0.14257264,0.098599464,0.202762705,Asian,Race
25,0.173148987,0.124740072,0.235635279,Asian,Race
26,0.147620639,0.105089381,0.204086727,Asian,Race
27,0.149911818,0.105324724,0.209878871,Asian,Race
28,0.163191832,0.112263538,0.232567116,Asian,Race
29,0.153634515,0.100574784,0.227113892,Asian,Race
30,0.135937463,0.093857667,0.193079322,Asian,Race
31,0.160224373,0.110279915,0.22541274,Asian,Race
32,0.136751493,0.098279769,0.187252083,Asian,Race
33,0.150352002,0.103826771,0.213359753,Asian,Race
34,0.121968626,0.085172016,0.172025363,Asian,Race
35,0.156610301,0.101603457,0.234461761,Asian,Race
36,0.13031513,0.094046549,0.177787516,Asian,Race
37,0.14077143,0.089136423,0.216036852,Asian,Race
38,0.161587454,0.103171093,0.238556502,Asian,Race
39,0.138245784,0.087692816,0.207600131,Asian,Race
40,0.133560235,0.095392064,0.183977381,Asian,Race
41,0.119007571,0.084728913,0.16539524,Asian,Race
42,0.106735946,0.074003395,0.152012831,Asian,Race
43,0.125009898,0.082476477,0.184903221,Asian,Race
44,0.100781335,0.068849663,0.145829095,Asian,Race
45,0.104255589,0.071569152,0.149460738,Asian,Race
46,0.114311709,0.080127493,0.160815961,Asian,Race
47,0.100126222,0.060084122,0.160166023,Asian,Race
48,0.100843445,0.068712771,0.146879537,Asian,Race
49,0.08830732,0.056212735,0.137836991,Asian,Race
50,0.105060642,0.069670965,0.156182322,Asian,Race
51,0.11205034,0.075302945,0.163400089,Asian,Race
52,0.072701371,0.047201744,0.1117865,Asian,Race
53,0.073536604,0.048100621,0.111546099,Asian,Race
54,0.083088758,0.056786183,0.120413947,Asian,Race
55,0.081536024,0.054989319,0.119755362,Asian,Race
56,0.08325019,0.055745933,0.123201051,Asian,Race
57,0.100879935,0.069269608,0.14509143,Asian,Race
58,0.068783098,0.043668742,0.108281687,Asian,Race
59,0.092225138,0.06291365,0.133632254,Asian,Race
60,0.073483863,0.043901604,0.124780161,Asian,Race
61,0.077016089,0.051074194,0.114869049,Asian,Race
62,0.079388528,0.052786707,0.118810607,Asian,Race
63,0.091906009,0.063888741,0.130524003,Asian,Race
64,0.088533126,0.056923915,0.135772121,Asian,Race
65,0.084682499,0.056419991,0.125790369,Asian,Race
66,0.077562568,0.051569619,0.117740027,Asian,Race
67,0.07089189,0.046994328,0.105881523,Asian,Race
68,0.0825446,0.056577114,0.118820765,Asian,Race
69,0.061276501,0.042630041,0.087399718,Asian,Race
70,0.044214537,0.028569381,0.068186158,Asian,Race
71,0.058061874,0.038298004,0.087374854,Asian,Race
72,0.065560587,0.042092617,0.101165739,Asian,Race
73,0.064544903,0.044979844,0.091793998,Asian,Race
74,0.069983421,0.048244435,0.100483819,Asian,Race
84,0.057415472,0.038138464,0.085569197,Asian,Race
16,0.144273845,0.115353645,0.178977701,Black,Race
17,0.177309001,0.138613005,0.224085889,Black,Race
18,0.175223159,0.139722386,0.218023271,Black,Race
19,0.196560072,0.156280235,0.246052218,Black,Race
20,0.196092086,0.158326226,0.240497062,Black,Race
21,0.190731229,0.151353032,0.238402843,Black,Race
22,0.193416964,0.151811323,0.244003854,Black,Race
23,0.192362465,0.151560898,0.24215224,Black,Race
24,0.183063659,0.145573568,0.228338453,Black,Race
25,0.176884388,0.141245349,0.22032527,Black,Race
26,0.178865941,0.14236839,0.222737596,Black,Race
27,0.168243272,0.133311586,0.211368189,Black,Race
28,0.16714717,0.132833171,0.209038319,Black,Race
29,0.169023682,0.134252772,0.211112502,Black,Race
30,0.16211163,0.126795945,0.20656318,Black,Race
31,0.150449821,0.117438239,0.191966191,Black,Race
32,0.150418526,0.117823659,0.191307995,Black,Race
33,0.150404429,0.1194436,0.18830418,Black,Race
34,0.151918655,0.119029663,0.192420234,Black,Race
35,0.142363266,0.110566725,0.183253196,Black,Race
36,0.140277274,0.109699699,0.17857383,Black,Race
37,0.144568147,0.112298146,0.185394296,Black,Race
38,0.140877598,0.108476611,0.182597904,Black,Race
39,0.142268918,0.108512982,0.185124199,Black,Race
40,0.134416598,0.104066222,0.172708706,Black,Race
41,0.128364635,0.097999561,0.167515375,Black,Race
42,0.133650808,0.102690068,0.172596466,Black,Race
43,0.119845971,0.092279197,0.155573666,Black,Race
44,0.128930664,0.098502218,0.169172727,Black,Race
45,0.126147324,0.096255054,0.164684823,Black,Race
46,0.123188867,0.096152536,0.157532706,Black,Race
47,0.126665616,0.098474715,0.162144066,Black,Race
48,0.114145917,0.089841285,0.145049682,Black,Race
49,0.110305531,0.084005259,0.145089465,Black,Race
50,0.114674909,0.085872694,0.15511363,Black,Race
51,0.107962706,0.080144337,0.148471234,Black,Race
52,0.116743547,0.087495726,0.158087415,Black,Race
53,0.111431437,0.084064932,0.147897709,Black,Race
54,0.109698489,0.081948054,0.149418408,Black,Race
55,0.103975111,0.077911259,0.138272359,Black,Race
56,0.102226686,0.076802479,0.136125098,Black,Race
57,0.101632475,0.075236329,0.137523013,Black,Race
58,0.098629797,0.074356045,0.131143428,Black,Race
59,0.097911482,0.071771291,0.134149891,Black,Race
60,0.094401287,0.070459845,0.126243029,Black,Race
61,0.090470389,0.068857892,0.118964126,Black,Race
62,0.092062972,0.069963002,0.121081249,Black,Race
63,0.090844117,0.066008704,0.126003409,Black,Race
64,0.088762554,0.067699617,0.116133136,Black,Race
65,0.086373207,0.065021212,0.114721218,Black,Race
66,0.084140116,0.063155826,0.112529715,Black,Race
67,0.0825423,0.061152578,0.111597779,Black,Race
68,0.072192765,0.053483134,0.097836586,Black,Race
69,0.076102744,0.056015289,0.104064622,Black,Race
70,0.07311809,0.053496988,0.100051616,Black,Race
71,0.071202465,0.052531026,0.096507319,Black,Race
72,0.066777343,0.049765181,0.089545632,Black,Race
73,0.078682754,0.056886821,0.108727702,Black,Race
74,0.076387672,0.055132677,0.106121029,Black,Race
75,0.07691874,0.056931136,0.103642206,Black,Race
76,0.070650458,0.052011376,0.096276649,Black,Race
77,0.070517054,0.050073787,0.099607676,Black,Race
78,0.066069711,0.047067414,0.09313203,Black,Race
79,0.067038926,0.050305254,0.088867199,Black,Race
80,0.070897474,0.052321096,0.095443277,Black,Race
81,0.053769605,0.039602764,0.072925134,Black,Race
82,0.052274496,0.036706738,0.074210957,Black,Race
83,0.058090496,0.039682977,0.085225377,Black,Race
84,0.07310346,0.052428788,0.10121021,Black,Race
85,0.068827548,0.049301585,0.095810829,Black,Race
86,0.066508624,0.038395337,0.112900136,Black,Race
87,0.070649555,0.047268736,0.104043513,Black,Race
88,0.034978091,0.02377986,0.051173277,Black,Race
89,0.055728311,0.040799801,0.075688098,Black,Race
90,0.049034423,0.032335116,0.073670451,Black,Race
91,0.055258675,0.038739692,0.078472819,Black,Race
92,0.03605744,0.023527393,0.054885563,Black,Race
94,0.031046007,0.019115244,0.050043431,Black,Race
16,0.165140571,0.098062922,0.264638556,Hispanic,Race
17,0.185422912,0.13423399,0.250308893,Hispanic,Race
18,0.155525625,0.121273816,0.197247189,Hispanic,Race
19,0.155938898,0.113976317,0.212467453,Hispanic,Race
20,0.153047483,0.113604465,0.203531708,Hispanic,Race
21,0.156963907,0.117329013,0.207568317,Hispanic,Race
22,0.15020404,0.110349927,0.202858282,Hispanic,Race
23,0.140986375,0.105508773,0.187229135,Hispanic,Race
24,0.140610638,0.101885064,0.192020314,Hispanic,Race
25,0.132262126,0.100828881,0.17249664,Hispanic,Race
26,0.137038083,0.100624938,0.184557183,Hispanic,Race
27,0.129248218,0.093359209,0.178690528,Hispanic,Race
28,0.123630382,0.091966978,0.165564957,Hispanic,Race
29,0.128219316,0.095705287,0.170428597,Hispanic,Race
30,0.135736008,0.099189438,0.183142497,Hispanic,Race
31,0.117594058,0.08809948,0.155445749,Hispanic,Race
32,0.12719666,0.091922002,0.174181918,Hispanic,Race
33,0.121084521,0.089862251,0.161757811,Hispanic,Race
34,0.127049766,0.09192335,0.174026461,Hispanic,Race
35,0.114350654,0.084317854,0.154096034,Hispanic,Race
36,0.108952036,0.078072859,0.151877952,Hispanic,Race
37,0.111886139,0.080584549,0.153791412,Hispanic,Race
38,0.113739794,0.086586355,0.148299739,Hispanic,Race
39,0.097188002,0.069613751,0.134610075,Hispanic,Race
40,0.096060301,0.071137535,0.129123353,Hispanic,Race
41,0.088605239,0.065334048,0.119466108,Hispanic,Race
42,0.104593987,0.075182922,0.144760128,Hispanic,Race
43,0.095585362,0.071111675,0.127651376,Hispanic,Race
44,0.097171332,0.071405974,0.131269717,Hispanic,Race
45,0.09724532,0.071203493,0.132056673,Hispanic,Race
46,0.093223008,0.069600349,0.124101101,Hispanic,Race
47,0.089146513,0.064290762,0.123029564,Hispanic,Race
48,0.083369089,0.058034326,0.119230734,Hispanic,Race
49,0.083814047,0.061118772,0.114800394,Hispanic,Race
50,0.087267077,0.065369753,0.116074228,Hispanic,Race
51,0.088638413,0.064515886,0.121291341,Hispanic,Race
52,0.082761933,0.061606939,0.110701198,Hispanic,Race
53,0.084448238,0.062034734,0.114813445,Hispanic,Race
54,0.080829474,0.058635056,0.111010272,Hispanic,Race
55,0.081779097,0.060271864,0.110249273,Hispanic,Race
56,0.081369322,0.058474926,0.112810575,Hispanic,Race
57,0.074002416,0.054603272,0.099737832,Hispanic,Race
58,0.082046722,0.057796852,0.115671374,Hispanic,Race
59,0.076361721,0.054138593,0.107403731,Hispanic,Race
60,0.077042117,0.057108567,0.103408755,Hispanic,Race
61,0.076027807,0.055006636,0.10480009,Hispanic,Race
62,0.073066358,0.052270666,0.102163397,Hispanic,Race
63,0.063824257,0.045923374,0.088605693,Hispanic,Race
64,0.074761945,0.053050992,0.105073636,Hispanic,Race
65,0.076995801,0.053323199,0.110440039,Hispanic,Race
66,0.075275609,0.051047359,0.111413028,Hispanic,Race
67,0.074231726,0.053362222,0.102391426,Hispanic,Race
68,0.066923179,0.047744922,0.094041424,Hispanic,Race
69,0.060347485,0.044493527,0.081365189,Hispanic,Race
70,0.061321876,0.045183394,0.082763133,Hispanic,Race
71,0.077929838,0.052739716,0.11434851,Hispanic,Race
72,0.080313667,0.049749173,0.129175548,Hispanic,Race
73,0.062874518,0.037200651,0.105772043,Hispanic,Race
74,0.053604546,0.038221456,0.074698715,Hispanic,Race
75,0.054028896,0.03909102,0.074302969,Hispanic,Race
76,0.067535025,0.047674043,0.094907809,Hispanic,Race
77,0.033667674,0.023866397,0.047299027,Hispanic,Race
78,0.068479241,0.047900741,0.096997743,Hispanic,Race
79,0.043707259,0.029640504,0.064009432,Hispanic,Race
82,0.049982924,0.035705259,0.069558048,Hispanic,Race
16,0.156877166,0.114557695,0.211102874,Multi,Race
17,0.11757817,0.084959842,0.160503748,Multi,Race
18,0.121018414,0.074843028,0.201028747,Multi,Race
19,0.131700182,0.0918711,0.185704601,Multi,Race
20,0.132878122,0.091467214,0.188915109,Multi,Race
21,0.135062044,0.096304207,0.186544552,Multi,Race
22,0.139435172,0.095978872,0.199085323,Multi,Race
23,0.124355931,0.088816266,0.171939595,Multi,Race
24,0.132745524,0.09589268,0.181026598,Multi,Race
25,0.138220425,0.099939084,0.18845426,Multi,Race
26,0.116043872,0.083723352,0.158957525,Multi,Race
27,0.118062817,0.082107944,0.169196698,Multi,Race
28,0.129503162,0.094228397,0.175717559,Multi,Race
29,0.118902922,0.08234167,0.17052044,Multi,Race
30,0.100878877,0.069493358,0.146134556,Multi,Race
31,0.121559378,0.087069291,0.167308691,Multi,Race
32,0.113759297,0.082382167,0.155097077,Multi,Race
33,0.106134318,0.074401632,0.149194091,Multi,Race
34,0.096168414,0.067477088,0.135459237,Multi,Race
35,0.100717697,0.069146891,0.145259049,Multi,Race
36,0.109969173,0.074674543,0.158133845,Multi,Race
37,0.122384409,0.084052058,0.174236004,Multi,Race
38,0.109970953,0.074577037,0.159045832,Multi,Race
39,0.141704082,0.087459577,0.220176489,Multi,Race
40,0.100085109,0.067987571,0.145361864,Multi,Race
41,0.092419655,0.063593287,0.132591615,Multi,Race
42,0.088816312,0.060627998,0.128362081,Multi,Race
43,0.088050606,0.059990437,0.127474931,Multi,Race
44,0.084878592,0.057568322,0.125451509,Multi,Race
45,0.113152158,0.068156468,0.208288836,Multi,Race
46,0.088997101,0.060804932,0.128833619,Multi,Race
47,0.118537102,0.074182293,0.184975115,Multi,Race
48,0.07224667,0.047486771,0.108277802,Multi,Race
49,0.109749906,0.070072764,0.167157529,Multi,Race
50,0.092311173,0.062936289,0.133743314,Multi,Race
51,0.08803404,0.060054428,0.127932439,Multi,Race
52,0.077466985,0.051466477,0.115053019,Multi,Race
53,0.079975048,0.055125643,0.114741594,Multi,Race
54,0.061204438,0.042471702,0.087600988,Multi,Race
55,0.06195202,0.042239407,0.090168196,Multi,Race
56,0.059882015,0.039026176,0.092654191,Multi,Race
57,0.065570327,0.043223847,0.098672174,Multi,Race
58,0.064267797,0.042145641,0.099961285,Multi,Race
59,0.065296758,0.041469132,0.102149646,Multi,Race
60,0.065864433,0.042888194,0.100248505,Multi,Race
61,0.059536165,0.039940838,0.088034231,Multi,Race
62,0.078405546,0.049133077,0.122994286,Multi,Race
63,0.060781725,0.041471426,0.088248998,Multi,Race
64,0.059768127,0.039509031,0.09019205,Multi,Race
65,0.068848324,0.045136615,0.104321075,Multi,Race
66,0.070086009,0.042914689,0.113059097,Multi,Race
67,0.053041497,0.036536436,0.076400588,Multi,Race
68,0.051611206,0.035651545,0.074157211,Multi,Race
69,0.033930715,0.02282234,0.05016831,Multi,Race
70,0.028245479,0.013200452,0.060823234,Multi,Race
71,0.03486171,0.016282192,0.075726159,Multi,Race
72,0.056603278,0.035992493,0.087939977,Multi,Race
73,0.05116725,0.035755991,0.07271971,Multi,Race
74,0.048107594,0.033495881,0.068640612,Multi,Race
75,0.05939974,0.040654871,0.085992792,Multi,Race
76,0.049200808,0.033551988,0.071588071,Multi,Race
77,0.056098204,0.038440731,0.081172272,Multi,Race
79,0.062166907,0.04235722,0.09035094,Multi,Race
80,0.052228317,0.034950017,0.077363752,Multi,Race
82,0.054919278,0.036296675,0.08228074,Multi,Race
17,0.230836795,0.121563689,0.394250659,Native American,Race
20,0.178269404,0.078541406,0.355740172,Native American,Race
23,0.165048954,0.078126982,0.315573436,Native American,Race
24,0.192385361,0.094646735,0.35183219,Native American,Race
25,0.098735778,0.045979939,0.199372209,Native American,Race
26,0.201460313,0.100453842,0.363096285,Native American,Race
28,0.144134777,0.068691954,0.272181299,Native American,Race
29,0.129645183,0.062380542,0.250094484,Native American,Race
30,0.187198293,0.094697102,0.336307562,Native American,Race
31,0.183979921,0.093282599,0.330594467,Native American,Race
32,0.182075971,0.090899765,0.331196401,Native American,Race
33,0.206476371,0.097373096,0.385602439,Native American,Race
34,0.156918773,0.078791236,0.287517653,Native American,Race
35,0.164220257,0.082796542,0.299410121,Native American,Race
36,0.184220298,0.094561591,0.328085647,Native American,Race
37,0.131606628,0.063539705,0.252898522,Native American,Race
44,0.160645693,0.078243342,0.299916222,Native American,Race
45,0.127940563,0.062704131,0.243421479,Native American,Race
46,0.140593982,0.017724769,0.597288036,Native American,Race
47,0.141995587,0.069166014,0.269323966,Native American,Race
49,0.165476565,0.083305537,0.301997641,Native American,Race
50,0.122769693,0.060442471,0.233401734,Native American,Race
51,0.137670314,0.068210264,0.258163414,Native American,Race
52,0.129182991,0.063913449,0.243445093,Native American,Race
53,0.110930812,0.052536514,0.219531143,Native American,Race
54,0.124635735,0.061537704,0.236151331,Native American,Race
58,0.126493511,0.058200091,0.253365402,Native American,Race
64,0.081105257,0.037903948,0.165096144,Native American,Race
65,0.067720795,0.031224684,0.140679913,Native American,Race
66,0.085687391,0.040700005,0.17146918,Native American,Race
69,0.101954297,0.046035091,0.210540242,Native American,Race
71,0.092892148,0.041116656,0.196805258,Native American,Race
73,0.06196097,0.028831745,0.1281349,Native American,Race
21,0.211785626,0.121645703,0.342662006,Other,Race
22,0.21323031,0.121867793,0.346091313,Other,Race
23,0.190470404,0.108645131,0.312328167,Other,Race
24,0.2477599,0.139231217,0.401432258,Other,Race
26,0.1252492,0.068462545,0.21810252,Other,Race
27,0.155238723,0.076145236,0.288382713,Other,Race
28,0.151374948,0.084015468,0.257579207,Other,Race
29,0.142180308,0.079148017,0.241502269,Other,Race
30,0.160766226,0.090330065,0.269831203,Other,Race
31,0.196505536,0.112009523,0.321420359,Other,Race
32,0.194159068,0.103388755,0.329962969,Other,Race
33,0.153700165,0.085639488,0.259636883,Other,Race
34,0.125621078,0.068053483,0.219094918,Other,Race
35,0.140500081,0.078141513,0.239368415,Other,Race
37,0.136690623,0.073766888,0.239398013,Other,Race
38,0.121706128,0.068049628,0.208199554,Other,Race
39,0.100104227,0.055259369,0.174625374,Other,Race
40,0.146200687,0.079091938,0.254486968,Other,Race
41,0.137703756,0.078070601,0.231451502,Other,Race
42,0.124946324,0.066727986,0.221882476,Other,Race
43,0.133802005,0.07352892,0.231295321,Other,Race
44,0.109101566,0.059355988,0.190235156,Other,Race
45,0.071250581,0.037228699,0.129331911,Other,Race
46,0.147909729,0.062026051,0.286670451,Other,Race
47,0.095071687,0.049065668,0.175726267,Other,Race
48,0.111121997,0.059904339,0.196955872,Other,Race
49,0.09313808,0.049323412,0.168956746,Other,Race
51,0.102198125,0.054455068,0.183668699,Other,Race
52,0.103691268,0.055478428,0.185158911,Other,Race
53,0.12982561,0.065292153,0.238737434,Other,Race
54,0.083186588,0.042972658,0.154755013,Other,Race
55,0.08139691,0.042632376,0.150064178,Other,Race
56,0.076005567,0.040135852,0.139278856,Other,Race
57,0.079839363,0.042914223,0.143705119,Other,Race
58,0.090959466,0.046454225,0.170479692,Other,Race
59,0.087697581,0.046573764,0.157722521,Other,Race
60,0.064867554,0.033729545,0.120645638,Other,Race
61,0.063874941,0.033777552,0.117336671,Other,Race
63,0.062046798,0.033190664,0.113056894,Other,Race
64,0.06099906,0.031273398,0.116374478,Other,Race
66,0.100926844,0.054846145,0.17841529,Other,Race
70,0.057444912,0.029461939,0.109020596,Other,Race
71,0.042957507,0.021825621,0.082817329,Other,Race
75,0.013131554,0.005502836,0.031006414,Other,Race
76,0.025310117,0.012500852,0.050572488,Other,Race
16,0.15127367,0.112054737,0.201110233,White,Race
18,0.16588139,0.129189417,0.210475704,White,Race
19,0.144719082,0.106635376,0.193573145,White,Race
20,0.143814381,0.108204804,0.188746111,White,Race
21,0.145159631,0.104205305,0.199765866,White,Race
22,0.15109022,0.112712362,0.200144681,White,Race
23,0.154862151,0.116539539,0.203336147,White,Race
24,0.13969161,0.102780882,0.187195886,White,Race
25,0.153322495,0.111490343,0.208477946,White,Race
26,0.144544023,0.105840745,0.196835241,White,Race
27,0.158573648,0.120348162,0.207115963,White,Race
28,0.15363423,0.117979743,0.19815373,White,Race
29,0.161425994,0.121603582,0.212024912,White,Race
30,0.154185215,0.112910191,0.221872441,White,Race
31,0.160610601,0.115992969,0.219316219,White,Race
32,0.140757617,0.095027908,0.22373375,White,Race
33,0.137752547,0.095335548,0.19527871,White,Race
34,0.11443021,0.081205977,0.161559731,White,Race
35,0.127417404,0.092922133,0.172686823,White,Race
36,0.127400738,0.0910641,0.179053342,White,Race
37,0.126097376,0.093016655,0.17010718,White,Race
38,0.120511996,0.081725339,0.172001855,White,Race
39,0.122155789,0.082764146,0.178366614,White,Race
40,0.109190462,0.081780551,0.14480142,White,Race
41,0.106069821,0.073854139,0.152195645,White,Race
42,0.110031019,0.080349955,0.150434543,White,Race
43,0.152370566,0.096570313,0.226167564,White,Race
44,0.140568619,0.091093442,0.201321013,White,Race
45,0.129297835,0.090769096,0.181043464,White,Race
46,0.106723218,0.078842868,0.143381739,White,Race
47,0.107336887,0.078819801,0.144563259,White,Race
48,0.099025245,0.073610414,0.132499011,White,Race
49,0.097560057,0.072158124,0.131565222,White,Race
50,0.087761018,0.066315165,0.11569602,White,Race
51,0.092238369,0.067988785,0.125352101,White,Race
52,0.086986028,0.06525595,0.116320733,White,Race
53,0.084534452,0.061146497,0.116753329,White,Race
54,0.084175789,0.059662229,0.118535623,White,Race
55,0.077703169,0.05649723,0.10730757,White,Race
56,0.085253857,0.060014383,0.12142291,White,Race
57,0.079201683,0.056706757,0.110614993,White,Race
58,0.093254993,0.067588554,0.127892011,White,Race
59,0.084674827,0.059780127,0.120641781,White,Race
60,0.076874028,0.054646849,0.108856835,White,Race
61,0.074401551,0.053460331,0.104452621,White,Race
62,0.078174369,0.056233484,0.108403939,White,Race
63,0.077743259,0.055005716,0.109817404,White,Race
64,0.066023174,0.048575162,0.089416374,White,Race
65,0.0657046,0.044948836,0.096523425,White,Race
66,0.064829764,0.04709088,0.08894445,White,Race
67,0.063357484,0.046390709,0.086130227,White,Race
68,0.059881287,0.043870121,0.081481588,White,Race
69,0.063920347,0.047512037,0.085541857,White,Race
70,0.06514208,0.047679479,0.088515446,White,Race
71,0.066716131,0.047695235,0.093098955,White,Race
72,0.063707005,0.046758349,0.086294255,White,Race
73,0.056047135,0.040970531,0.076484737,White,Race
74,0.054692127,0.037247651,0.081470395,White,Race
75,0.053903336,0.039815795,0.072637085,White,Race
76,0.053368964,0.039022553,0.072614467,White,Race
77,0.055125226,0.040344546,0.074957451,White,Race
78,0.050839644,0.036349909,0.071124672,White,Race
79,0.042598926,0.030060926,0.060200607,White,Race
80,0.060272205,0.039377841,0.091520629,White,Race
81,0.0495474,0.032174095,0.076469504,White,Race
82,0.062028711,0.038113218,0.099984687,White,Race
83,0.046056691,0.030189701,0.070664906,White,Race
84,0.04272503,0.030101656,0.060534736,White,Race
85,0.041234615,0.028432528,0.059997983,White,Race
86,0.031247541,0.021892612,0.044643384,White,Race
87,0.040966811,0.026637967,0.064202907,White,Race
88,0.041488298,0.029095518,0.058816398,White,Race
89,0.046435484,0.02975628,0.075498243,White,Race
90,0.046432324,0.033146298,0.064685504,White,Race
91,0.042763984,0.030140261,0.060385623,White,Race
92,0.045268912,0.03154019,0.064559806,White,Race
93,0.046623699,0.033482818,0.064577348,White,Race
