Income_Group,PredictedProb,LL,UL,Grouping_Var,Grouping
-23539,0.066836659,0.028495775,0.148559787,Became Disabled,Disability_Status
-21039,0.094043739,0.040827471,0.200752738,Became Disabled,Disability_Status
-18539,0.084973989,0.035619991,0.187666351,Became Disabled,Disability_Status
-16039,0.131224986,0.057485697,0.271405357,Became Disabled,Disability_Status
-13539,0.103563167,0.043411788,0.224222245,Became Disabled,Disability_Status
-11039,0.096946734,0.042830362,0.203572681,Became Disabled,Disability_Status
-8539,0.066292734,0.027794554,0.149636945,Became Disabled,Disability_Status
-6039,0.07960742,0.034564753,0.172269551,Became Disabled,Disability_Status
-3539,0.09213984,0.039084936,0.200533689,Became Disabled,Disability_Status
-1039,0.127662662,0.053639011,0.26457083,Became Disabled,Disability_Status
3961,0.114094063,0.051181257,0.235172556,Became Disabled,Disability_Status
6461,0.101090653,0.045011114,0.211561479,Became Disabled,Disability_Status
8961,0.084109405,0.035489468,0.186413285,Became Disabled,Disability_Status
11461,0.056726484,0.023376471,0.131260551,Became Disabled,Disability_Status
13961,0.140406764,0.062998766,0.281057886,Became Disabled,Disability_Status
18961,0.172975817,0.079736593,0.335495535,Became Disabled,Disability_Status
21461,0.098930117,0.042752556,0.212249284,Became Disabled,Disability_Status
26461,0.084484522,0.036485422,0.183597291,Became Disabled,Disability_Status
-23539,0.087369506,0.059594489,0.127608094,Disabled,Disability_Status
-21039,0.08281875,0.057996489,0.117261774,Disabled,Disability_Status
-18539,0.101260953,0.069557943,0.145904374,Disabled,Disability_Status
-16039,0.091356719,0.063746932,0.13000925,Disabled,Disability_Status
-13539,0.103658097,0.073466345,0.144312867,Disabled,Disability_Status
-11039,0.086495598,0.061768978,0.120337133,Disabled,Disability_Status
-8539,0.097174209,0.068907834,0.135639201,Disabled,Disability_Status
-6039,0.094760918,0.064096314,0.140420187,Disabled,Disability_Status
-3539,0.085571355,0.057340241,0.126463515,Disabled,Disability_Status
-1039,0.086839277,0.059906317,0.124031407,Disabled,Disability_Status
1461,0.0848956,0.061551544,0.116414461,Disabled,Disability_Status
3961,0.083705434,0.058551601,0.117994564,Disabled,Disability_Status
6461,0.079951989,0.056370701,0.113259007,Disabled,Disability_Status
8961,0.093378825,0.067681096,0.128067839,Disabled,Disability_Status
11461,0.08184771,0.058256078,0.114715739,Disabled,Disability_Status
13961,0.088602566,0.062016072,0.126846884,Disabled,Disability_Status
16461,0.07891189,0.056659669,0.109187308,Disabled,Disability_Status
18961,0.084758878,0.05915071,0.120409614,Disabled,Disability_Status
21461,0.08624782,0.061608491,0.119925881,Disabled,Disability_Status
23961,0.089352755,0.064120044,0.123527652,Disabled,Disability_Status
26461,0.084024381,0.061687721,0.113512779,Disabled,Disability_Status
28961,0.082770697,0.059790513,0.113787639,Disabled,Disability_Status
31461,0.084056865,0.060466884,0.116072684,Disabled,Disability_Status
33961,0.090324204,0.065090227,0.124409746,Disabled,Disability_Status
36461,0.101083485,0.071672122,0.140734112,Disabled,Disability_Status
38961,0.076257151,0.052079673,0.110640713,Disabled,Disability_Status
41461,0.091075497,0.065845612,0.124800903,Disabled,Disability_Status
43961,0.097763297,0.071356712,0.132696395,Disabled,Disability_Status
46461,0.087262088,0.061802798,0.121877244,Disabled,Disability_Status
48961,0.088081114,0.063665673,0.120719112,Disabled,Disability_Status
51461,0.097724518,0.067078149,0.141910626,Disabled,Disability_Status
53961,0.081326722,0.0583992,0.112338065,Disabled,Disability_Status
56461,0.106664786,0.076781395,0.146361683,Disabled,Disability_Status
58961,0.076679367,0.053720836,0.108621981,Disabled,Disability_Status
61461,0.099396904,0.066011715,0.147328644,Disabled,Disability_Status
63961,0.065236734,0.042847977,0.09812468,Disabled,Disability_Status
68961,0.066157317,0.042767672,0.100989212,Disabled,Disability_Status
73961,0.123222473,0.072819674,0.204336666,Disabled,Disability_Status
81461,0.084970902,0.050508078,0.139493848,Disabled,Disability_Status
86461,0.105284173,0.058276594,0.183372161,Disabled,Disability_Status
91461,0.045306872,0.026990616,0.075093546,Disabled,Disability_Status
96461,0.074138455,0.047193677,0.114616515,Disabled,Disability_Status
-23539,0.115049911,0.068034002,0.187386251,Lost Disabilty Benifits,Disability_Status
-21039,0.133625833,0.079371204,0.214449998,Lost Disabilty Benifits,Disability_Status
-18539,0.114969656,0.066468408,0.191650207,Lost Disabilty Benifits,Disability_Status
-16039,0.091387941,0.04974829,0.161640214,Lost Disabilty Benifits,Disability_Status
-13539,0.105783398,0.060526814,0.178377778,Lost Disabilty Benifits,Disability_Status
-11039,0.124478881,0.073047378,0.203693394,Lost Disabilty Benifits,Disability_Status
-8539,0.115153286,0.067001607,0.190246705,Lost Disabilty Benifits,Disability_Status
-6039,0.097931732,0.058112925,0.160339384,Lost Disabilty Benifits,Disability_Status
-3539,0.074739641,0.041640552,0.13089548,Lost Disabilty Benifits,Disability_Status
-1039,0.111839182,0.066741792,0.181426791,Lost Disabilty Benifits,Disability_Status
1461,0.093294482,0.052724432,0.159881243,Lost Disabilty Benifits,Disability_Status
3961,0.124405244,0.071353115,0.207861261,Lost Disabilty Benifits,Disability_Status
6461,0.111892759,0.062385843,0.191947367,Lost Disabilty Benifits,Disability_Status
8961,0.124157644,0.074846359,0.198791891,Lost Disabilty Benifits,Disability_Status
11461,0.144768246,0.084936696,0.235335878,Lost Disabilty Benifits,Disability_Status
13961,0.099921844,0.056811792,0.169582299,Lost Disabilty Benifits,Disability_Status
16461,0.093867984,0.05166571,0.164307328,Lost Disabilty Benifits,Disability_Status
18961,0.098022276,0.058777088,0.159043492,Lost Disabilty Benifits,Disability_Status
23961,0.125577843,0.073175428,0.207248689,Lost Disabilty Benifits,Disability_Status
26461,0.045057427,0.025596387,0.0781284,Lost Disabilty Benifits,Disability_Status
28961,0.114911414,0.065075232,0.194978099,Lost Disabilty Benifits,Disability_Status
31461,0.121329123,0.0726341,0.195778102,Lost Disabilty Benifits,Disability_Status
38961,0.100567938,0.059432783,0.165174133,Lost Disabilty Benifits,Disability_Status
-23539,0.119314585,0.086830956,0.162628859,No,Disability_Status
-21039,0.141829595,0.104965735,0.18931489,No,Disability_Status
-18539,0.139487803,0.102281548,0.188354087,No,Disability_Status
-16039,0.130836093,0.096613725,0.176187906,No,Disability_Status
-13539,0.136865212,0.099686033,0.191966343,No,Disability_Status
-11039,0.13473943,0.101216407,0.178597416,No,Disability_Status
-8539,0.129200804,0.096143255,0.173024137,No,Disability_Status
-6039,0.135335443,0.099989076,0.181905168,No,Disability_Status
-3539,0.132122588,0.098805644,0.175889597,No,Disability_Status
-1039,0.121974214,0.091386102,0.161919943,No,Disability_Status
1461,0.122861024,0.092787544,0.162740493,No,Disability_Status
3961,0.118399872,0.08882088,0.157014854,No,Disability_Status
6461,0.120643481,0.089695892,0.162079233,No,Disability_Status
8961,0.120066915,0.089898927,0.159508899,No,Disability_Status
11461,0.115431058,0.087919103,0.15169199,No,Disability_Status
13961,0.116093889,0.088680212,0.15168538,No,Disability_Status
16461,0.115187778,0.086944956,0.152912048,No,Disability_Status
18961,0.119412207,0.089782973,0.158254486,No,Disability_Status
21461,0.114789291,0.086120384,0.153559911,No,Disability_Status
23961,0.114647409,0.087061805,0.150453399,No,Disability_Status
26461,0.114204063,0.087735292,0.148326063,No,Disability_Status
28961,0.113460348,0.08602811,0.149608283,No,Disability_Status
31461,0.116883118,0.08839165,0.154247044,No,Disability_Status
33961,0.117025556,0.089768527,0.152371044,No,Disability_Status
36461,0.118051958,0.090119134,0.154355354,No,Disability_Status
38961,0.122257449,0.092774438,0.162035254,No,Disability_Status
41461,0.117533997,0.089523279,0.153728928,No,Disability_Status
43961,0.114716736,0.086251608,0.151955286,No,Disability_Status
46461,0.125788385,0.094546036,0.166307039,No,Disability_Status
48961,0.118827391,0.089284858,0.157062362,No,Disability_Status
51461,0.120513503,0.089509521,0.161691518,No,Disability_Status
53961,0.119898719,0.087295341,0.163975574,No,Disability_Status
56461,0.109548024,0.08301604,0.14359077,No,Disability_Status
58961,0.109832553,0.07480624,0.159716706,No,Disability_Status
61461,0.094810367,0.067646668,0.132183473,No,Disability_Status
63961,0.121349335,0.090298242,0.161882498,No,Disability_Status
66461,0.112166953,0.079640496,0.156494073,No,Disability_Status
68961,0.124406873,0.083527591,0.182244702,No,Disability_Status
71461,0.130013206,0.092609987,0.17874686,No,Disability_Status
73961,0.171225342,0.126129012,0.228211518,No,Disability_Status
76461,0.126656608,0.085063373,0.185959421,No,Disability_Status
78961,0.178179654,0.123161796,0.253108922,No,Disability_Status
81461,0.203089439,0.104665736,0.357147454,No,Disability_Status
86461,0.159013538,0.121195705,0.205867618,No,Disability_Status
88961,0.132869579,0.090035691,0.192101675,No,Disability_Status
91461,0.0883436,0.055147492,0.138591122,No,Disability_Status
93961,0.156621634,0.109373776,0.219255223,No,Disability_Status
96461,0.114166246,0.079430247,0.16142902,No,Disability_Status
98961,0.14733315,0.103606525,0.20510017,No,Disability_Status
101461,0.151089435,0.102434369,0.217261014,No,Disability_Status
NA,0.099755913,0.056603138,0.169883014,No,Disability_Status
-23539,0.1040032,0.071952406,0.150003153,Female,Gender
-21039,0.126713152,0.090711371,0.176103538,Female,Gender
-18539,0.122716734,0.085740498,0.175247139,Female,Gender
-16039,0.124178342,0.089189827,0.172508734,Female,Gender
-13539,0.120206554,0.086900379,0.166374935,Female,Gender
-11039,0.121765211,0.090910411,0.162781099,Female,Gender
-8539,0.121114465,0.087554313,0.166831315,Female,Gender
-6039,0.127253142,0.092256648,0.175164982,Female,Gender
-3539,0.122974236,0.090905315,0.166538663,Female,Gender
-1039,0.105001923,0.0773909,0.142171754,Female,Gender
1461,0.106921461,0.080043176,0.14241495,Female,Gender
3961,0.108914408,0.080630796,0.146561952,Female,Gender
6461,0.109912884,0.081039986,0.148354264,Female,Gender
8961,0.110290264,0.08289607,0.146290353,Female,Gender
11461,0.106411975,0.081065251,0.139325699,Female,Gender
13961,0.111514786,0.084580605,0.146969031,Female,Gender
16461,0.106833962,0.081314039,0.139999215,Female,Gender
18961,0.110047526,0.082663337,0.145781641,Female,Gender
21461,0.106218773,0.079522682,0.142035271,Female,Gender
23961,0.106437279,0.080338434,0.140738945,Female,Gender
26461,0.104124964,0.079415563,0.136584539,Female,Gender
28961,0.106264707,0.079521398,0.14220208,Female,Gender
31461,0.108547579,0.082599302,0.142634978,Female,Gender
33961,0.1114125,0.085348504,0.145260139,Female,Gender
36461,0.115197959,0.087495244,0.151235042,Female,Gender
38961,0.115680686,0.087538532,0.152719037,Female,Gender
41461,0.111801822,0.0855129,0.145541183,Female,Gender
43961,0.111318502,0.084236817,0.146580108,Female,Gender
46461,0.120411327,0.091062235,0.158630264,Female,Gender
48961,0.103918773,0.078587322,0.136706436,Female,Gender
51461,0.110726476,0.081769885,0.14986878,Female,Gender
53961,0.114028235,0.085579975,0.151699834,Female,Gender
56461,0.102378863,0.077851031,0.133803391,Female,Gender
58961,0.107365829,0.069460498,0.162918519,Female,Gender
61461,0.091546561,0.067628003,0.123156072,Female,Gender
63961,0.102955881,0.075815897,0.139071704,Female,Gender
66461,0.090853954,0.065971802,0.123993486,Female,Gender
68961,0.094175331,0.067381476,0.130273145,Female,Gender
71461,0.130013206,0.092609987,0.17874686,Female,Gender
73961,0.165440372,0.115040103,0.235714936,Female,Gender
76461,0.118481321,0.079066348,0.175826177,Female,Gender
78961,0.199303736,0.152544747,0.256064808,Female,Gender
81461,0.144030171,0.077586907,0.248320651,Female,Gender
86461,0.159013538,0.121195705,0.205867618,Female,Gender
88961,0.123960184,0.080071283,0.187015073,Female,Gender
91461,0.0883436,0.055147492,0.138591122,Female,Gender
NA,0.099755913,0.056603138,0.169883014,Female,Gender
-23539,0.116562992,0.08227547,0.164977684,Male,Gender
-21039,0.110603717,0.068009416,0.178998952,Male,Gender
-18539,0.122686493,0.08365719,0.180653005,Male,Gender
-16039,0.116574421,0.083145584,0.163740485,Male,Gender
-13539,0.135174644,0.094470759,0.192891644,Male,Gender
-11039,0.135034062,0.092393004,0.197162417,Male,Gender
-8539,0.127868182,0.0931688,0.176624454,Male,Gender
-6039,0.131993898,0.095244756,0.182135398,Male,Gender
-3539,0.128632109,0.091822922,0.180815862,Male,Gender
-1039,0.133400852,0.094646731,0.18611305,Male,Gender
1461,0.126976308,0.095026269,0.168688705,Male,Gender
3961,0.114574198,0.082819632,0.157340129,Male,Gender
6461,0.117572957,0.086247415,0.160015897,Male,Gender
8961,0.123028194,0.089087257,0.168557361,Male,Gender
11461,0.115589795,0.085380227,0.156111701,Male,Gender
13961,0.113884251,0.084438461,0.153867728,Male,Gender
16461,0.114365755,0.083086351,0.15686017,Male,Gender
18961,0.125461149,0.091806496,0.171379945,Male,Gender
21461,0.122136182,0.09049401,0.163878432,Male,Gender
23961,0.122073368,0.091590669,0.161611127,Male,Gender
26461,0.118784375,0.090779491,0.154521213,Male,Gender
28961,0.116225889,0.088357329,0.152419001,Male,Gender
31461,0.124956522,0.091754538,0.168933024,Male,Gender
33961,0.119879301,0.090386269,0.158603155,Male,Gender
36461,0.117662729,0.088848898,0.155510124,Male,Gender
38961,0.128511811,0.097746866,0.168000308,Male,Gender
41461,0.123308768,0.092145174,0.164411008,Male,Gender
43961,0.117946045,0.086891688,0.159052034,Male,Gender
46461,0.119984305,0.087038673,0.163111716,Male,Gender
48961,0.132562698,0.097129742,0.179002456,Male,Gender
51461,0.128394332,0.09373731,0.174733487,Male,Gender
53961,0.110420574,0.07762894,0.155511604,Male,Gender
56461,0.123873369,0.08987219,0.168737081,Male,Gender
58961,0.101011381,0.075994412,0.133515552,Male,Gender
61461,0.101161309,0.06673374,0.151154886,Male,Gender
63961,0.128520269,0.095290535,0.171941728,Male,Gender
66461,0.140584285,0.09786542,0.199828189,Male,Gender
68961,0.140076027,0.089483726,0.213902387,Male,Gender
73961,0.104144451,0.07495488,0.142944725,Male,Gender
76461,0.15118247,0.103054451,0.216359154,Male,Gender
78961,0.171138293,0.113367479,0.252123627,Male,Gender
86461,0.105284173,0.058276594,0.183372161,Male,Gender
88961,0.141778974,0.100000099,0.197188276,Male,Gender
91461,0.045306872,0.026990616,0.075093546,Male,Gender
93961,0.156621634,0.109373776,0.219255223,Male,Gender
96461,0.094152351,0.063311962,0.138022768,Male,Gender
98961,0.14733315,0.103606525,0.20510017,Male,Gender
101461,0.151089435,0.102434369,0.217261014,Male,Gender
-13539,0.144507911,0.019169789,0.593992796,Trans,Gender
1461,0.155826179,0.021790302,0.604684944,Trans,Gender
6461,0.121312109,0.016196592,0.536559391,Trans,Gender
11461,0.124172411,0.016676575,0.542382198,Trans,Gender
16461,0.103678834,0.013803166,0.488740987,Trans,Gender
21461,0.089110402,0.011521955,0.45086431,Trans,Gender
38961,0.116884244,0.015735186,0.52284688,Trans,Gender
-23539,0.105601437,0.073822633,0.150832802,No,High_School_Grad
-21039,0.117488254,0.082131543,0.168674074,No,High_School_Grad
-18539,0.119957713,0.083135036,0.173557327,No,High_School_Grad
-16039,0.125134791,0.090340449,0.173062489,No,High_School_Grad
-13539,0.1285918,0.091236609,0.184804427,No,High_School_Grad
-11039,0.124780482,0.091535755,0.170031076,No,High_School_Grad
-8539,0.118524844,0.085816696,0.163929172,No,High_School_Grad
-6039,0.127884982,0.093082376,0.175610541,No,High_School_Grad
-3539,0.124262221,0.091174461,0.169961613,No,High_School_Grad
-1039,0.113466153,0.082865634,0.154861774,No,High_School_Grad
1461,0.11250949,0.084903857,0.149251978,No,High_School_Grad
3961,0.111319475,0.082350065,0.149869266,No,High_School_Grad
6461,0.111446384,0.082371093,0.151073045,No,High_School_Grad
8961,0.114482114,0.085343723,0.152837718,No,High_School_Grad
11461,0.107911068,0.08167529,0.143045853,No,High_School_Grad
13961,0.112379996,0.08510579,0.148673926,No,High_School_Grad
16461,0.104986891,0.079449305,0.139376842,No,High_School_Grad
18961,0.11272835,0.084874659,0.149239318,No,High_School_Grad
21461,0.109768726,0.082468835,0.147174172,No,High_School_Grad
23961,0.110493966,0.083966058,0.145051113,No,High_School_Grad
26461,0.105424339,0.081145366,0.136943299,No,High_School_Grad
28961,0.107786481,0.081697351,0.142279158,No,High_School_Grad
31461,0.109477615,0.083430128,0.143725259,No,High_School_Grad
33961,0.112712937,0.086830617,0.14619048,No,High_School_Grad
36461,0.114977761,0.088546102,0.149163769,No,High_School_Grad
38961,0.117678859,0.089114386,0.156475221,No,High_School_Grad
41461,0.116348714,0.088969978,0.151515783,No,High_School_Grad
43961,0.112400863,0.085136429,0.147784155,No,High_School_Grad
46461,0.115525151,0.088666799,0.149680511,No,High_School_Grad
48961,0.104943304,0.079864143,0.137245291,No,High_School_Grad
51461,0.111794036,0.082927606,0.150540018,No,High_School_Grad
53961,0.107138544,0.080547768,0.141985115,No,High_School_Grad
56461,0.106716639,0.081286351,0.139086031,No,High_School_Grad
58961,0.105096383,0.071794039,0.152417459,No,High_School_Grad
61461,0.095620677,0.067237816,0.135168347,No,High_School_Grad
63961,0.115738075,0.085553216,0.155506716,No,High_School_Grad
66461,0.112166953,0.079640496,0.156494073,No,High_School_Grad
68961,0.117125679,0.078432601,0.172087766,No,High_School_Grad
71461,0.130013206,0.092609987,0.17874686,No,High_School_Grad
73961,0.155224386,0.108359233,0.220253234,No,High_School_Grad
76461,0.130727561,0.088927965,0.189477058,No,High_School_Grad
78961,0.178179654,0.123161796,0.253108922,No,High_School_Grad
81461,0.144030171,0.077586907,0.248320651,No,High_School_Grad
86461,0.123193961,0.079249631,0.190870647,No,High_School_Grad
88961,0.132869579,0.090035691,0.192101675,No,High_School_Grad
91461,0.066825236,0.041069054,0.106842334,No,High_School_Grad
93961,0.156621634,0.109373776,0.219255223,No,High_School_Grad
96461,0.094152351,0.063311962,0.138022768,No,High_School_Grad
98961,0.14733315,0.103606525,0.20510017,No,High_School_Grad
101461,0.151089435,0.102434369,0.217261014,No,High_School_Grad
NA,0.099755913,0.056603138,0.169883014,No,High_School_Grad
-23539,0.116564186,0.079921545,0.16953084,Yes,High_School_Grad
-21039,0.146169923,0.100682319,0.208478173,Yes,High_School_Grad
-18539,0.143826538,0.098869024,0.206144498,Yes,High_School_Grad
-16039,0.10510088,0.072187513,0.153095664,Yes,High_School_Grad
-13539,0.116006148,0.078658758,0.171338317,Yes,High_School_Grad
-11039,0.132099183,0.090459881,0.19269088,Yes,High_School_Grad
-8539,0.144258866,0.104876245,0.196450548,Yes,High_School_Grad
-6039,0.132598619,0.093410799,0.185529657,Yes,High_School_Grad
-3539,0.1282011,0.091426359,0.178791364,Yes,High_School_Grad
-1039,0.110065009,0.079027992,0.151770177,Yes,High_School_Grad
1461,0.119142738,0.08381923,0.168119956,Yes,High_School_Grad
3961,0.109161985,0.076819617,0.153334617,Yes,High_School_Grad
6461,0.115951508,0.082497986,0.161000982,Yes,High_School_Grad
8961,0.113315456,0.08226099,0.155583699,Yes,High_School_Grad
11461,0.11835883,0.086181189,0.161064412,Yes,High_School_Grad
13961,0.112037522,0.081779221,0.152398962,Yes,High_School_Grad
16461,0.126760569,0.091432009,0.173764172,Yes,High_School_Grad
18961,0.12259097,0.087628322,0.170577357,Yes,High_School_Grad
21461,0.115780742,0.082613148,0.159871808,Yes,High_School_Grad
23961,0.114332687,0.082266225,0.157124158,Yes,High_School_Grad
26461,0.131121927,0.096505068,0.176157186,Yes,High_School_Grad
28961,0.124034245,0.090094119,0.169748911,Yes,High_School_Grad
31461,0.131937494,0.09412364,0.182079193,Yes,High_School_Grad
33961,0.120827567,0.086086488,0.167781667,Yes,High_School_Grad
36461,0.122713722,0.084629958,0.174352522,Yes,High_School_Grad
38961,0.130115101,0.095322905,0.176419526,Yes,High_School_Grad
41461,0.107724874,0.077015675,0.14974593,Yes,High_School_Grad
43961,0.120243122,0.084425309,0.169426248,Yes,High_School_Grad
46461,0.158836396,0.099601643,0.243223184,Yes,High_School_Grad
48961,0.170062034,0.11717763,0.241084151,Yes,High_School_Grad
51461,0.151973607,0.106720972,0.213631963,Yes,High_School_Grad
53961,0.13957567,0.08677284,0.216961268,Yes,High_School_Grad
56461,0.11726952,0.082141487,0.165073364,Yes,High_School_Grad
61461,0.098716425,0.0670343,0.143072132,Yes,High_School_Grad
76461,0.098159941,0.058011233,0.161335961,Yes,High_School_Grad
-23539,0.107697256,0.074988601,0.154407427,None,None
-21039,0.123285613,0.085881168,0.176719583,None,None
-18539,0.122705203,0.084946143,0.177308368,None,None
-16039,0.1216252,0.087160373,0.169564651,None,None
-13539,0.126178113,0.088824418,0.182221885,None,None
-11039,0.125895251,0.09137188,0.173482569,None,None
-8539,0.12310329,0.089207659,0.169715184,None,None
-6039,0.128647482,0.093135503,0.177215104,None,None
-3539,0.124875653,0.091213691,0.171336738,None,None
-1039,0.11282919,0.082146924,0.154282783,None,None
1461,0.113555861,0.084732761,0.152228336,None,None
3961,0.110956922,0.081420706,0.150451597,None,None
6461,0.112148345,0.082390865,0.152619956,None,None
8961,0.114291868,0.084841023,0.153285504,None,None
11461,0.109549933,0.082382097,0.145872293,None,None
13961,0.112320949,0.084532244,0.149316174,None,None
16461,0.109017115,0.081667257,0.145741805,None,None
18961,0.114706446,0.085426948,0.153518981,None,None
21461,0.110776838,0.082493034,0.149303349,None,None
23961,0.111103286,0.083696243,0.146967469,None,None
26461,0.109495244,0.083578586,0.1431554,None,None
28961,0.110017688,0.082850428,0.146051413,None,None
31461,0.113289613,0.085245081,0.150234872,None,None
33961,0.113744458,0.086736024,0.148935122,None,None
36461,0.116088015,0.087984063,0.152778821,None,None
38961,0.118878293,0.089713177,0.158398784,None,None
41461,0.115315919,0.087538325,0.151303824,None,None
43961,0.113349523,0.085050407,0.15040215,None,None
46461,0.120284628,0.089868431,0.159959925,None,None
48961,0.113197791,0.084594021,0.150407964,None,None
51461,0.116896204,0.085948986,0.158551694,None,None
53961,0.112184319,0.081516113,0.153648072,None,None
56461,0.108827215,0.081457378,0.144283498,None,None
58961,0.105096383,0.071794039,0.152417459,None,None
61461,0.096033443,0.06721068,0.136222185,None,None
63961,0.115738075,0.085553216,0.155506716,None,None
66461,0.112166953,0.079640496,0.156494073,None,None
68961,0.117125679,0.078432601,0.172087766,None,None
71461,0.130013206,0.092609987,0.17874686,None,None
73961,0.155224386,0.108359233,0.220253234,None,None
76461,0.126656608,0.085063373,0.185959421,None,None
78961,0.178179654,0.123161796,0.253108922,None,None
81461,0.144030171,0.077586907,0.248320651,None,None
86461,0.123193961,0.079249631,0.190870647,None,None
88961,0.132869579,0.090035691,0.192101675,None,None
91461,0.066825236,0.041069054,0.106842334,None,None
93961,0.156621634,0.109373776,0.219255223,None,None
96461,0.094152351,0.063311962,0.138022768,None,None
98961,0.14733315,0.103606525,0.20510017,None,None
101461,0.151089435,0.102434369,0.217261014,None,None
NA,0.099755913,0.056603138,0.169883014,None,None
-23539,0.106738056,0.074761199,0.152188362,No Change,Relationship_Status
-21039,0.123285613,0.085881168,0.176719583,No Change,Relationship_Status
-18539,0.122264579,0.085307638,0.175120458,No Change,Relationship_Status
-16039,0.121481359,0.08727173,0.168912143,No Change,Relationship_Status
-13539,0.125203261,0.088553924,0.180173945,No Change,Relationship_Status
-11039,0.123963109,0.090499692,0.170101258,No Change,Relationship_Status
-8539,0.121356134,0.088387214,0.16673506,No Change,Relationship_Status
-6039,0.128471565,0.09325143,0.176469205,No Change,Relationship_Status
-3539,0.124694438,0.091516857,0.170218977,No Change,Relationship_Status
-1039,0.112393669,0.082069407,0.153235372,No Change,Relationship_Status
1461,0.112799281,0.084625063,0.150382926,No Change,Relationship_Status
3961,0.110092937,0.081259945,0.148405652,No Change,Relationship_Status
6461,0.110038064,0.081696376,0.148378293,No Change,Relationship_Status
8961,0.112867126,0.084473772,0.150146573,No Change,Relationship_Status
11461,0.108775937,0.082197303,0.14414141,No Change,Relationship_Status
13961,0.112187931,0.084684415,0.148630819,No Change,Relationship_Status
16461,0.107023367,0.081293729,0.141069287,No Change,Relationship_Status
18961,0.112455944,0.084839839,0.148628048,No Change,Relationship_Status
21461,0.109272422,0.08202237,0.146247585,No Change,Relationship_Status
23961,0.109114957,0.083081315,0.142826262,No Change,Relationship_Status
26461,0.108450557,0.083292739,0.140907049,No Change,Relationship_Status
28961,0.108203412,0.082490253,0.141833132,No Change,Relationship_Status
31461,0.111889094,0.084803045,0.147406859,No Change,Relationship_Status
33961,0.113352066,0.086828764,0.147680857,No Change,Relationship_Status
36461,0.113878627,0.087115489,0.14863751,No Change,Relationship_Status
38961,0.11553785,0.088432721,0.152066972,No Change,Relationship_Status
41461,0.113087036,0.086629067,0.147179956,No Change,Relationship_Status
43961,0.111585453,0.084361626,0.147057178,No Change,Relationship_Status
46461,0.114553776,0.087965819,0.148506207,No Change,Relationship_Status
48961,0.112392791,0.084475026,0.148425077,No Change,Relationship_Status
51461,0.115327949,0.086167524,0.153824626,No Change,Relationship_Status
53961,0.112184319,0.081516113,0.153648072,No Change,Relationship_Status
56461,0.108827215,0.081457378,0.144283498,No Change,Relationship_Status
58961,0.090684498,0.064128844,0.129353263,No Change,Relationship_Status
61461,0.096033443,0.06721068,0.136222185,No Change,Relationship_Status
63961,0.115738075,0.085553216,0.155506716,No Change,Relationship_Status
66461,0.112166953,0.079640496,0.156494073,No Change,Relationship_Status
68961,0.107375489,0.075595168,0.150664043,No Change,Relationship_Status
71461,0.130013206,0.092609987,0.17874686,No Change,Relationship_Status
73961,0.157809164,0.115894186,0.21115816,No Change,Relationship_Status
76461,0.126656608,0.085063373,0.185959421,No Change,Relationship_Status
78961,0.166630966,0.126109147,0.216958235,No Change,Relationship_Status
81461,0.084970902,0.050508078,0.139493848,No Change,Relationship_Status
86461,0.118022748,0.085583557,0.161405087,No Change,Relationship_Status
88961,0.132869579,0.090035691,0.192101675,No Change,Relationship_Status
91461,0.066825236,0.041069054,0.106842334,No Change,Relationship_Status
93961,0.156621634,0.109373776,0.219255223,No Change,Relationship_Status
96461,0.094152351,0.063311962,0.138022768,No Change,Relationship_Status
98961,0.14733315,0.103606525,0.20510017,No Change,Relationship_Status
101461,0.151089435,0.102434369,0.217261014,No Change,Relationship_Status
NA,0.099755913,0.056603138,0.169883014,No Change,Relationship_Status
-18539,0.151616658,0.058325652,0.34021484,Got Divorced,Relationship_Status
-11039,0.269839811,0.156349922,0.425390205,Got Divorced,Relationship_Status
-8539,0.263749336,0.155253503,0.409615162,Got Divorced,Relationship_Status
-3539,0.152113673,0.082859185,0.262673584,Got Divorced,Relationship_Status
1461,0.179499032,0.100523959,0.299251816,Got Divorced,Relationship_Status
3961,0.194355651,0.11042759,0.319232078,Got Divorced,Relationship_Status
6461,0.306067156,0.182910923,0.46449515,Got Divorced,Relationship_Status
8961,0.236645678,0.132112454,0.389507916,Got Divorced,Relationship_Status
11461,0.17982879,0.099161393,0.303036476,Got Divorced,Relationship_Status
13961,0.160360033,0.090228098,0.268892201,Got Divorced,Relationship_Status
16461,0.16673387,0.08964509,0.287178077,Got Divorced,Relationship_Status
18961,0.26035158,0.152818379,0.406667124,Got Divorced,Relationship_Status
21461,0.228954865,0.131355616,0.363979541,Got Divorced,Relationship_Status
23961,0.219242406,0.124129319,0.35633116,Got Divorced,Relationship_Status
26461,0.223683119,0.128725966,0.358152817,Got Divorced,Relationship_Status
28961,0.160702057,0.090866739,0.268029764,Got Divorced,Relationship_Status
31461,0.335373607,0.185994824,0.527045591,Got Divorced,Relationship_Status
33961,0.114966041,0.063002849,0.200611291,Got Divorced,Relationship_Status
36461,0.267204639,0.154701415,0.420684802,Got Divorced,Relationship_Status
38961,0.218273145,0.128093494,0.345937485,Got Divorced,Relationship_Status
41461,0.277468984,0.162781279,0.431328067,Got Divorced,Relationship_Status
43961,0.273077374,0.158251894,0.428778408,Got Divorced,Relationship_Status
46461,0.241280524,0.133399239,0.397231138,Got Divorced,Relationship_Status
58961,0.292450889,0.171441572,0.452252011,Got Divorced,Relationship_Status
86461,0.133536388,0.06658178,0.249801767,Got Divorced,Relationship_Status
-23539,0.171963696,0.090224564,0.30308479,Got Married,Relationship_Status
-18539,0.138211901,0.073674725,0.244632987,Got Married,Relationship_Status
-16039,0.141187634,0.072015853,0.258305761,Got Married,Relationship_Status
-13539,0.196367436,0.108300006,0.329673574,Got Married,Relationship_Status
-6039,0.152396184,0.077485339,0.277911514,Got Married,Relationship_Status
-3539,0.119383389,0.063188255,0.214131248,Got Married,Relationship_Status
-1039,0.174019844,0.093037989,0.301444031,Got Married,Relationship_Status
1461,0.114586384,0.059262124,0.210027831,Got Married,Relationship_Status
3961,0.098380727,0.0521029,0.178091851,Got Married,Relationship_Status
6461,0.149954745,0.081069695,0.257823865,Got Married,Relationship_Status
8961,0.137617894,0.075121025,0.238018801,Got Married,Relationship_Status
13961,0.115418082,0.060771713,0.207920146,Got Married,Relationship_Status
16461,0.171566837,0.093901472,0.29121018,Got Married,Relationship_Status
18961,0.121989158,0.062830463,0.222160549,Got Married,Relationship_Status
21461,0.154072785,0.084148406,0.262612396,Got Married,Relationship_Status
23961,0.146958275,0.077312516,0.261304119,Got Married,Relationship_Status
26461,0.151488047,0.081165367,0.264286387,Got Married,Relationship_Status
28961,0.179755098,0.097922326,0.305713526,Got Married,Relationship_Status
31461,0.152803445,0.082389084,0.265840895,Got Married,Relationship_Status
33961,0.158847363,0.087798363,0.269218938,Got Married,Relationship_Status
36461,0.131128256,0.071969795,0.227018871,Got Married,Relationship_Status
38961,0.239100891,0.135236127,0.388009412,Got Married,Relationship_Status
41461,0.15654665,0.086170712,0.267569783,Got Married,Relationship_Status
43961,0.16883823,0.095880117,0.280112533,Got Married,Relationship_Status
46461,0.248580821,0.129101227,0.420925481,Got Married,Relationship_Status
48961,0.169547756,0.092923715,0.289210009,Got Married,Relationship_Status
51461,0.148261296,0.081578213,0.253093038,Got Married,Relationship_Status
68961,0.185377007,0.098294634,0.322053826,Got Married,Relationship_Status
73961,0.142300495,0.070684468,0.265728607,Got Married,Relationship_Status
78961,0.212825718,0.114319745,0.361560983,Got Married,Relationship_Status
81461,0.203089439,0.104665736,0.357147454,Got Married,Relationship_Status
-23539,0.104325134,0.073443965,0.14816697,No Change,Dependent_Status
-21039,0.120561488,0.084402634,0.172161354,No Change,Dependent_Status
-18539,0.117862246,0.081925813,0.170190261,No Change,Dependent_Status
-16039,0.120277647,0.086789375,0.166608841,No Change,Dependent_Status
-13539,0.123997952,0.088489243,0.177284961,No Change,Dependent_Status
-11039,0.124721045,0.091506642,0.170328402,No Change,Dependent_Status
-8539,0.121475254,0.089231538,0.165582633,No Change,Dependent_Status
-6039,0.127755834,0.093242353,0.174828424,No Change,Dependent_Status
-3539,0.124715651,0.092335729,0.168995874,No Change,Dependent_Status
-1039,0.108997181,0.080256392,0.147491507,No Change,Dependent_Status
1461,0.111447902,0.08398307,0.14814931,No Change,Dependent_Status
3961,0.107756194,0.079677474,0.145212634,No Change,Dependent_Status
6461,0.108537857,0.080994977,0.145165334,No Change,Dependent_Status
8961,0.113313332,0.085095708,0.150350648,No Change,Dependent_Status
11461,0.107395915,0.081949236,0.140595623,No Change,Dependent_Status
13961,0.110103347,0.083650766,0.145286171,No Change,Dependent_Status
16461,0.106407332,0.080621201,0.140911154,No Change,Dependent_Status
18961,0.113849127,0.085751869,0.150697239,No Change,Dependent_Status
21461,0.108588994,0.082347974,0.144152917,No Change,Dependent_Status
23961,0.110665846,0.084038045,0.145282307,No Change,Dependent_Status
26461,0.108928833,0.083963135,0.141085896,No Change,Dependent_Status
28961,0.108755561,0.082650963,0.14315117,No Change,Dependent_Status
31461,0.113479561,0.086277396,0.148941715,No Change,Dependent_Status
33961,0.111846611,0.086186228,0.145119924,No Change,Dependent_Status
36461,0.114090239,0.087245396,0.149013005,No Change,Dependent_Status
38961,0.116613358,0.089087808,0.153802345,No Change,Dependent_Status
41461,0.115389076,0.088431874,0.149943534,No Change,Dependent_Status
43961,0.111565331,0.085110584,0.145813464,No Change,Dependent_Status
46461,0.119235958,0.089996572,0.156934265,No Change,Dependent_Status
48961,0.107387067,0.081508277,0.140816015,No Change,Dependent_Status
51461,0.114777184,0.084813571,0.155121079,No Change,Dependent_Status
53961,0.113807812,0.083141213,0.15511861,No Change,Dependent_Status
56461,0.106829176,0.081012157,0.139912006,No Change,Dependent_Status
58961,0.094069592,0.070198806,0.125355148,No Change,Dependent_Status
61461,0.091963306,0.064749997,0.129939198,No Change,Dependent_Status
63961,0.113300972,0.084398227,0.151268202,No Change,Dependent_Status
66461,0.105421601,0.076640467,0.14443929,No Change,Dependent_Status
68961,0.110063244,0.074492364,0.16067935,No Change,Dependent_Status
71461,0.113071424,0.081491775,0.154383078,No Change,Dependent_Status
73961,0.155224386,0.108359233,0.220253234,No Change,Dependent_Status
76461,0.126567253,0.086178677,0.183736139,No Change,Dependent_Status
78961,0.166630966,0.126109147,0.216958235,No Change,Dependent_Status
81461,0.144030171,0.077586907,0.248320651,No Change,Dependent_Status
86461,0.123193961,0.079249631,0.190870647,No Change,Dependent_Status
88961,0.141778974,0.100000099,0.197188276,No Change,Dependent_Status
91461,0.066825236,0.041069054,0.106842334,No Change,Dependent_Status
93961,0.156621634,0.109373776,0.219255223,No Change,Dependent_Status
96461,0.094152351,0.063311962,0.138022768,No Change,Dependent_Status
98961,0.14733315,0.103606525,0.20510017,No Change,Dependent_Status
101461,0.151089435,0.102434369,0.217261014,No Change,Dependent_Status
NA,0.099755913,0.056603138,0.169883014,No Change,Dependent_Status
-23539,0.110363746,0.068385935,0.175234094,Empty Nester,Dependent_Status
-21039,0.10906585,0.062202821,0.182508082,Empty Nester,Dependent_Status
-18539,0.118175447,0.081610527,0.168325256,Empty Nester,Dependent_Status
-16039,0.105734207,0.07020802,0.156967557,Empty Nester,Dependent_Status
-13539,0.115321456,0.074061066,0.176071249,Empty Nester,Dependent_Status
-11039,0.122939988,0.078460488,0.187920434,Empty Nester,Dependent_Status
-8539,0.120631201,0.080890649,0.179212825,Empty Nester,Dependent_Status
-6039,0.110953165,0.077213099,0.157031743,Empty Nester,Dependent_Status
-3539,0.114336055,0.075683936,0.172060338,Empty Nester,Dependent_Status
-1039,0.119842602,0.075705269,0.186714188,Empty Nester,Dependent_Status
1461,0.120601107,0.084051092,0.170226799,Empty Nester,Dependent_Status
3961,0.125568206,0.08639188,0.179354821,Empty Nester,Dependent_Status
6461,0.12921016,0.084591738,0.198963423,Empty Nester,Dependent_Status
8961,0.119792107,0.082325116,0.171588864,Empty Nester,Dependent_Status
11461,0.106795047,0.07352466,0.152885472,Empty Nester,Dependent_Status
13961,0.119463102,0.083665004,0.167811036,Empty Nester,Dependent_Status
16461,0.123089,0.083206849,0.178891788,Empty Nester,Dependent_Status
18961,0.1041774,0.069758796,0.154377531,Empty Nester,Dependent_Status
21461,0.118357758,0.080430347,0.171182288,Empty Nester,Dependent_Status
23961,0.107257943,0.073453255,0.154590207,Empty Nester,Dependent_Status
26461,0.118057379,0.082141758,0.167246872,Empty Nester,Dependent_Status
28961,0.12188738,0.083530656,0.17560684,Empty Nester,Dependent_Status
31461,0.107838234,0.074348541,0.154550951,Empty Nester,Dependent_Status
33961,0.107269769,0.075739646,0.149847113,Empty Nester,Dependent_Status
36461,0.140935803,0.100219233,0.194850157,Empty Nester,Dependent_Status
38961,0.133938395,0.088659466,0.197949364,Empty Nester,Dependent_Status
41461,0.119096882,0.08049633,0.174167934,Empty Nester,Dependent_Status
43961,0.137306363,0.093998888,0.195410886,Empty Nester,Dependent_Status
46461,0.122517321,0.085798966,0.172284545,Empty Nester,Dependent_Status
48961,0.148024062,0.10289258,0.208417836,Empty Nester,Dependent_Status
51461,0.15453204,0.10638909,0.219316612,Empty Nester,Dependent_Status
53961,0.087002959,0.059960772,0.124652245,Empty Nester,Dependent_Status
56461,0.088250844,0.06267116,0.122902101,Empty Nester,Dependent_Status
58961,0.152692751,0.088097684,0.243477465,Empty Nester,Dependent_Status
61461,0.122489333,0.083205124,0.177061598,Empty Nester,Dependent_Status
66461,0.125127476,0.085018392,0.179954985,Empty Nester,Dependent_Status
76461,0.126924675,0.081717463,0.192629268,Empty Nester,Dependent_Status
-23539,0.174721296,0.113513758,0.262550201,Had Child,Dependent_Status
-21039,0.1620693,0.113771431,0.228937549,Had Child,Dependent_Status
-18539,0.165878776,0.111980938,0.24126254,Had Child,Dependent_Status
-16039,0.170438045,0.117368979,0.246954884,Had Child,Dependent_Status
-13539,0.175667376,0.105785878,0.281122029,Had Child,Dependent_Status
-11039,0.14640056,0.103741363,0.203701606,Had Child,Dependent_Status
-8539,0.144363127,0.096553003,0.209222102,Had Child,Dependent_Status
-6039,0.151644111,0.103009677,0.219744945,Had Child,Dependent_Status
-3539,0.148728205,0.102824539,0.21046451,Had Child,Dependent_Status
-1039,0.160207029,0.113772362,0.221579887,Had Child,Dependent_Status
1461,0.150962644,0.101648663,0.219665089,Had Child,Dependent_Status
3961,0.156193607,0.109396281,0.218920993,Had Child,Dependent_Status
6461,0.148098038,0.102883094,0.210172181,Had Child,Dependent_Status
8961,0.122563317,0.084392192,0.175254162,Had Child,Dependent_Status
11461,0.140913191,0.096434951,0.209858149,Had Child,Dependent_Status
13961,0.147574039,0.103811731,0.205543007,Had Child,Dependent_Status
16461,0.144843244,0.099922815,0.205307098,Had Child,Dependent_Status
18961,0.142489026,0.09455605,0.209447989,Had Child,Dependent_Status
21461,0.126352493,0.0863989,0.18145368,Had Child,Dependent_Status
23961,0.136835803,0.09836469,0.187202311,Had Child,Dependent_Status
26461,0.109659693,0.075589764,0.156702094,Had Child,Dependent_Status
28961,0.12439975,0.086418633,0.176629947,Had Child,Dependent_Status
31461,0.116400368,0.077177574,0.172785869,Had Child,Dependent_Status
33961,0.159637358,0.114126565,0.219667611,Had Child,Dependent_Status
36461,0.122342959,0.086334621,0.170766339,Had Child,Dependent_Status
38961,0.150655044,0.107421793,0.20747865,Had Child,Dependent_Status
41461,0.110617603,0.076722649,0.157143247,Had Child,Dependent_Status
43961,0.101246747,0.0675717,0.149717697,Had Child,Dependent_Status
46461,0.139811847,0.091278951,0.21041777,Had Child,Dependent_Status
48961,0.159731179,0.109549858,0.226570822,Had Child,Dependent_Status
51461,0.129010854,0.091618159,0.178663225,Had Child,Dependent_Status
53961,0.104084073,0.069756892,0.15249786,Had Child,Dependent_Status
56461,0.165368281,0.108257581,0.244351744,Had Child,Dependent_Status
58961,0.112633973,0.063466559,0.196669012,Had Child,Dependent_Status
63961,0.137672003,0.095948113,0.193653343,Had Child,Dependent_Status
66461,0.132933193,0.089262745,0.193307074,Had Child,Dependent_Status
68961,0.166562719,0.106014258,0.251946675,Had Child,Dependent_Status
71461,0.214722112,0.148201047,0.300565768,Had Child,Dependent_Status
78961,0.212825718,0.114319745,0.361560983,Had Child,Dependent_Status
88961,0.123960184,0.080071283,0.187015073,Had Child,Dependent_Status
-23539,0.125711783,0.086878945,0.177734269,Asian,Race
-21039,0.126744725,0.087438676,0.179824157,Asian,Race
-18539,0.124092665,0.086824779,0.174381322,Asian,Race
-16039,0.123427509,0.087567458,0.171292281,Asian,Race
-13539,0.110546902,0.074486886,0.16262967,Asian,Race
-11039,0.118568338,0.072468139,0.192135103,Asian,Race
-8539,0.104930739,0.070729562,0.15449097,Asian,Race
-6039,0.105432687,0.071527931,0.153172558,Asian,Race
-3539,0.092404464,0.064310964,0.131885556,Asian,Race
-1039,0.102426545,0.068353536,0.150990068,Asian,Race
1461,0.143238448,0.09851887,0.206420515,Asian,Race
3961,0.122764623,0.083777094,0.177128655,Asian,Race
6461,0.107330723,0.073602573,0.153611208,Asian,Race
8961,0.10352667,0.071400746,0.147822946,Asian,Race
11461,0.107694242,0.075601141,0.151380957,Asian,Race
13961,0.109814546,0.07564617,0.157200238,Asian,Race
16461,0.111494284,0.073814508,0.16483075,Asian,Race
18961,0.120382286,0.082099588,0.172898281,Asian,Race
21461,0.101924763,0.069292458,0.14818853,Asian,Race
23961,0.101534597,0.06973289,0.146223017,Asian,Race
26461,0.101066905,0.071909437,0.140273803,Asian,Race
28961,0.102481892,0.069224027,0.149228148,Asian,Race
31461,0.132093705,0.086348787,0.195803193,Asian,Race
33961,0.100024005,0.068607708,0.144310456,Asian,Race
36461,0.121543213,0.084991454,0.171173644,Asian,Race
38961,0.145836662,0.089049293,0.22975175,Asian,Race
41461,0.120261129,0.083570627,0.170863796,Asian,Race
43961,0.09408221,0.065774711,0.132638031,Asian,Race
46461,0.180182573,0.110898616,0.276151494,Asian,Race
48961,0.118215544,0.07305322,0.187233209,Asian,Race
51461,0.117047733,0.076749721,0.174512031,Asian,Race
53961,0.098697454,0.066382471,0.144311795,Asian,Race
58961,0.075566917,0.053152314,0.106371965,Asian,Race
61461,0.079208114,0.051500305,0.119996226,Asian,Race
68961,0.154772255,0.09371244,0.245165703,Asian,Race
71461,0.198241274,0.135527448,0.280557,Asian,Race
73961,0.195713077,0.135732623,0.273801993,Asian,Race
-23539,0.11282485,0.080382688,0.158597482,Black,Race
-21039,0.140055013,0.100228323,0.19658002,Black,Race
-18539,0.13745702,0.098322762,0.192931162,Black,Race
-16039,0.135904917,0.100111259,0.184380224,Black,Race
-13539,0.132872707,0.09676162,0.183051142,Black,Race
-11039,0.140648795,0.105626852,0.187120655,Black,Race
-8539,0.145760843,0.109833785,0.192357906,Black,Race
-6039,0.143747742,0.10601299,0.19459847,Black,Race
-3539,0.146881723,0.112062754,0.192262143,Black,Race
-1039,0.129822281,0.097511409,0.171533756,Black,Race
1461,0.123940678,0.096346463,0.158750018,Black,Race
3961,0.12345175,0.094609983,0.160519212,Black,Race
6461,0.130522456,0.099657191,0.171152275,Black,Race
8961,0.125226907,0.09765819,0.159885887,Black,Race
11461,0.120061913,0.093755201,0.154348502,Black,Race
13961,0.12258752,0.095590072,0.157040174,Black,Race
16461,0.121767304,0.094739434,0.157210683,Black,Race
18961,0.128440752,0.099351978,0.165356849,Black,Race
21461,0.127383307,0.098869429,0.163590799,Black,Race
23961,0.126698132,0.099687738,0.160330745,Black,Race
26461,0.119080021,0.094042258,0.150521588,Black,Race
28961,0.122991028,0.095104447,0.159652346,Black,Race
31461,0.120749191,0.095871678,0.151676819,Black,Race
33961,0.124540303,0.099303843,0.155614786,Black,Race
36461,0.120823519,0.095522655,0.152310248,Black,Race
38961,0.125679592,0.099294054,0.160852999,Black,Race
41461,0.121599809,0.096079338,0.15325413,Black,Race
43961,0.117787195,0.090691947,0.152328332,Black,Race
46461,0.126611473,0.100431177,0.158700137,Black,Race
48961,0.115341404,0.088356207,0.149497489,Black,Race
51461,0.120099028,0.092162941,0.15576443,Black,Race
53961,0.117477894,0.091010139,0.150740816,Black,Race
56461,0.107333029,0.082344448,0.13901488,Black,Race
58961,0.128650944,0.090626797,0.178288905,Black,Race
61461,0.115585088,0.084205816,0.157334316,Black,Race
63961,0.141665787,0.107184248,0.185198946,Black,Race
66461,0.114811791,0.084890073,0.153784536,Black,Race
68961,0.132954402,0.102372589,0.170959561,Black,Race
71461,0.131958031,0.095525127,0.178941599,Black,Race
73961,0.148333185,0.110934576,0.195497201,Black,Race
76461,0.152576477,0.1060323,0.215119143,Black,Race
78961,0.178179654,0.123161796,0.253108922,Black,Race
86461,0.118022748,0.085583557,0.161405087,Black,Race
88961,0.132869579,0.090035691,0.192101675,Black,Race
91461,0.0883436,0.055147492,0.138591122,Black,Race
93961,0.156621634,0.109373776,0.219255223,Black,Race
96461,0.094152351,0.063311962,0.138022768,Black,Race
98961,0.14733315,0.103606525,0.20510017,Black,Race
101461,0.151089435,0.102434369,0.217261014,Black,Race
NA,0.099755913,0.056603138,0.169883014,Black,Race
-23539,0.122778883,0.085669239,0.174323326,Hispanic,Race
-21039,0.111074912,0.077549897,0.156914637,Hispanic,Race
-18539,0.111209893,0.076855049,0.161526214,Hispanic,Race
-16039,0.119850737,0.085008354,0.167525206,Hispanic,Race
-13539,0.140852583,0.10339173,0.190092365,Hispanic,Race
-11039,0.111791415,0.079207526,0.156892881,Hispanic,Race
-8539,0.115211169,0.083567994,0.157891782,Hispanic,Race
-6039,0.117156772,0.08613534,0.157494788,Hispanic,Race
-3539,0.109821484,0.078969751,0.152538301,Hispanic,Race
-1039,0.10306576,0.074179472,0.142595387,Hispanic,Race
1461,0.103668271,0.075575098,0.141352523,Hispanic,Race
3961,0.100529244,0.073138008,0.137330569,Hispanic,Race
6461,0.100435962,0.073052251,0.137524205,Hispanic,Race
8961,0.111198207,0.082259654,0.149158345,Hispanic,Race
11461,0.101477477,0.075033733,0.136305819,Hispanic,Race
13961,0.105179101,0.077688273,0.141713616,Hispanic,Race
16461,0.100609418,0.073609387,0.136747268,Hispanic,Race
18961,0.098406626,0.072112079,0.133576909,Hispanic,Race
21461,0.092292652,0.068059481,0.124821855,Hispanic,Race
23961,0.088145856,0.06628091,0.116688055,Hispanic,Race
26461,0.095795545,0.071398514,0.128064721,Hispanic,Race
28961,0.102595904,0.07533686,0.138684922,Hispanic,Race
31461,0.104851655,0.077942649,0.140266216,Hispanic,Race
33961,0.09764818,0.07170869,0.132112739,Hispanic,Race
36461,0.108608335,0.081342975,0.143902768,Hispanic,Race
38961,0.109056331,0.080943356,0.145823309,Hispanic,Race
41461,0.104475808,0.076217148,0.141676326,Hispanic,Race
43961,0.097659744,0.072671127,0.130446661,Hispanic,Race
46461,0.101145992,0.068342742,0.147342377,Hispanic,Race
48961,0.110685088,0.076393171,0.158006945,Hispanic,Race
51461,0.110578997,0.08276552,0.1461255,Hispanic,Race
53961,0.091786601,0.066205643,0.126175921,Hispanic,Race
56461,0.074517558,0.056896203,0.097034914,Hispanic,Race
58961,0.075715591,0.054665325,0.104364302,Hispanic,Race
61461,0.076121112,0.050132408,0.114872916,Hispanic,Race
63961,0.108100776,0.081930829,0.141342864,Hispanic,Race
66461,0.093707446,0.061528571,0.139849215,Hispanic,Race
76461,0.098159941,0.058011233,0.161335961,Hispanic,Race
81461,0.084970902,0.050508078,0.139493848,Hispanic,Race
-23539,0.105631444,0.074181046,0.148164111,Multi,Race
-21039,0.098836561,0.062043419,0.156409945,Multi,Race
-18539,0.109791881,0.069635837,0.172532445,Multi,Race
-16039,0.097694336,0.063473442,0.150219557,Multi,Race
-13539,0.102844552,0.06813209,0.154409023,Multi,Race
-11039,0.124295472,0.082390642,0.184370952,Multi,Race
-8539,0.096886628,0.065124113,0.142577466,Multi,Race
-6039,0.119331469,0.080000446,0.177458326,Multi,Race
-3539,0.084768517,0.05565321,0.129160142,Multi,Race
-1039,0.102139245,0.069480274,0.14971347,Multi,Race
1461,0.105750187,0.074199281,0.148704711,Multi,Race
3961,0.091990907,0.064957248,0.12863697,Multi,Race
6461,0.100460065,0.070921101,0.140680346,Multi,Race
8961,0.105590864,0.073439718,0.149990486,Multi,Race
11461,0.101527602,0.069253585,0.1472707,Multi,Race
13961,0.094665752,0.066011574,0.134138542,Multi,Race
16461,0.090245891,0.060061082,0.133219172,Multi,Race
18961,0.087242951,0.061155811,0.123141111,Multi,Race
21461,0.102687801,0.069057071,0.160378062,Multi,Race
23961,0.106882802,0.072552078,0.154008472,Multi,Race
26461,0.078664638,0.054608906,0.11204758,Multi,Race
28961,0.079160603,0.056644421,0.109632066,Multi,Race
31461,0.089147516,0.061753093,0.127130604,Multi,Race
33961,0.105774,0.074432699,0.148369866,Multi,Race
36461,0.103691965,0.067399393,0.154728158,Multi,Race
38961,0.108094376,0.077479219,0.149117664,Multi,Race
41461,0.10422467,0.069647725,0.152122498,Multi,Race
43961,0.09977728,0.068923496,0.142882823,Multi,Race
46461,0.106166674,0.076432339,0.145582702,Multi,Race
48961,0.127083147,0.090652984,0.17521533,Multi,Race
51461,0.101215109,0.069604135,0.145127667,Multi,Race
53961,0.087253436,0.05861386,0.128495702,Multi,Race
56461,0.165368281,0.108257581,0.244351744,Multi,Race
63961,0.065236734,0.042847977,0.09812468,Multi,Race
68961,0.066157317,0.042767672,0.100989212,Multi,Race
-23539,0.07540722,0.03222892,0.166481827,Native American,Race
-18539,0.131606628,0.063539705,0.252898522,Native American,Race
-16039,0.137687251,0.059575043,0.285179354,Native American,Race
-13539,0.140593982,0.017724769,0.597288036,Native American,Race
-8539,0.088679198,0.041624633,0.17899198,Native American,Race
-6039,0.146875826,0.071764555,0.277130442,Native American,Race
-3539,0.171608076,0.082224144,0.322148702,Native American,Race
-1039,0.129964252,0.06378954,0.244718736,Native American,Race
1461,0.208564257,0.104861954,0.372181415,Native American,Race
3961,0.157496617,0.077315166,0.290816082,Native American,Race
6461,0.160541263,0.080047319,0.295918261,Native American,Race
8961,0.144355152,0.071901738,0.268115258,Native American,Race
11461,0.156918773,0.078791236,0.287517653,Native American,Race
13961,0.103705735,0.049907593,0.202161784,Native American,Race
16461,0.187195684,0.095121317,0.335455122,Native American,Race
18961,0.19488778,0.0968718,0.353236518,Native American,Race
21461,0.110714821,0.054107229,0.213074475,Native American,Race
23961,0.201060512,0.098415353,0.367164286,Native American,Race
26461,0.118475308,0.056558078,0.231541022,Native American,Race
31461,0.098735778,0.045979939,0.199372209,Native American,Race
33961,0.158853845,0.079609564,0.291114466,Native American,Race
36461,0.143909324,0.069284727,0.274487585,Native American,Race
38961,0.198491254,0.100466567,0.354561182,Native American,Race
41461,0.110307982,0.054158998,0.211643393,Native American,Race
58961,0.126493511,0.058200091,0.253365402,Native American,Race
-23539,0.090959466,0.046454225,0.170479692,Other,Race
-21039,0.173058138,0.092736201,0.299949311,Other,Race
-18539,0.108319382,0.058394719,0.191504834,Other,Race
-13539,0.145520731,0.079585567,0.251260842,Other,Race
-8539,0.107291419,0.05910062,0.18696872,Other,Race
-6039,0.09313808,0.049323412,0.168956746,Other,Race
-3539,0.152484144,0.084343155,0.260042082,Other,Race
-1039,0.124562396,0.069767075,0.210956647,Other,Race
3961,0.158832004,0.08807909,0.264918421,Other,Race
6461,0.099774055,0.052709927,0.179827333,Other,Race
8961,0.13962753,0.073405479,0.246461639,Other,Race
11461,0.083949677,0.044691814,0.151003021,Other,Race
13961,0.102107053,0.055578052,0.179838565,Other,Race
16461,0.192948098,0.110432952,0.315074402,Other,Race
18961,0.124840526,0.066300468,0.221270743,Other,Race
21461,0.097449082,0.052436127,0.173122892,Other,Race
23961,0.156688129,0.07349059,0.288605866,Other,Race
26461,0.148183597,0.082917388,0.250635214,Other,Race
28961,0.147502251,0.083439631,0.246457509,Other,Race
31461,0.123574394,0.06724152,0.214375478,Other,Race
33961,0.097373347,0.054118403,0.167485669,Other,Race
36461,0.099458566,0.05495395,0.172807085,Other,Race
38961,0.121264493,0.06651592,0.210368962,Other,Race
41461,0.109224862,0.056466279,0.200787753,Other,Race
43961,0.162403488,0.090106557,0.274299174,Other,Race
46461,0.210161961,0.105658223,0.365822518,Other,Race
51461,0.120471086,0.063995148,0.215058768,Other,Race
53961,0.165300498,0.092206917,0.277829743,Other,Race
58961,0.012934613,0.004753796,0.034702918,Other,Race
63961,0.002924231,0.000751824,0.011302836,Other,Race
66461,0.151515489,0.08475356,0.256148831,Other,Race
76461,0.108950119,0.057622626,0.196466016,Other,Race
-23539,0.078304598,0.052627231,0.115953381,White,Race
-21039,0.093576556,0.06322947,0.137933885,White,Race
-18539,0.101571359,0.067788242,0.150031409,White,Race
-16039,0.091384223,0.066781221,0.125669382,White,Race
-13539,0.105336077,0.069977447,0.16857999,White,Race
-11039,0.091220234,0.065093827,0.127855178,White,Race
-8539,0.095885264,0.064578797,0.143603889,White,Race
-6039,0.112266003,0.08189562,0.153808891,White,Race
-3539,0.111706633,0.080190611,0.156828449,White,Race
-1039,0.082042741,0.060289706,0.111583266,White,Race
1461,0.084317976,0.059574455,0.12248025,White,Race
3961,0.091299367,0.064749621,0.127400677,White,Race
6461,0.082344835,0.059964761,0.112554286,White,Race
8961,0.092718281,0.065010845,0.130295058,White,Race
11461,0.088887576,0.064626831,0.12142192,White,Race
13961,0.093199462,0.067995766,0.127675049,White,Race
16461,0.086563923,0.064160522,0.116659689,White,Race
18961,0.095792567,0.071684159,0.127301648,White,Race
21461,0.093396505,0.067758858,0.128280889,White,Race
23961,0.090122298,0.065982674,0.122440355,White,Race
26461,0.104082988,0.077019763,0.139262357,White,Race
28961,0.09276036,0.069907021,0.122310918,White,Race
31461,0.101798386,0.076172596,0.135194772,White,Race
33961,0.096461953,0.071935042,0.128350004,White,Race
36461,0.107491881,0.0781741,0.146250992,White,Race
38961,0.095871193,0.068972913,0.131143673,White,Race
41461,0.105803599,0.08017607,0.13846947,White,Race
43961,0.113261262,0.085749756,0.148373259,White,Race
46461,0.097112855,0.072597521,0.128853215,White,Race
48961,0.100356388,0.07485927,0.133124383,White,Race
51461,0.110874631,0.075264225,0.161315903,White,Race
53961,0.089827945,0.064114336,0.124578241,White,Race
56461,0.108887673,0.076275689,0.153020035,White,Race
61461,0.082709175,0.056910678,0.118692569,White,Race
63961,0.131124289,0.086896042,0.193103103,White,Race
66461,0.099050421,0.071572788,0.13550447,White,Race
68961,0.070311272,0.049405318,0.099148341,White,Race
71461,0.054005838,0.038031966,0.076157765,White,Race
73961,0.142300495,0.070684468,0.265728607,White,Race
76461,0.09791845,0.070371964,0.134698411,White,Race
81461,0.203089439,0.104665736,0.357147454,White,Race
86461,0.133536388,0.06658178,0.249801767,White,Race
91461,0.045306872,0.026990616,0.075093546,White,Race
